symbol,name,sector,event_day_return,model_predicted,actual_post_event
DHI,D. R. Horton,Consumer Discretionary,0.09617877454124778,0.12086286821570527,0.08036622164338073
LEN,Lennar,Consumer Discretionary,0.08942370413679468,0.1150827940923862,0.08479504635489996
PHM,PulteGroup,Consumer Discretionary,0.08369480551826786,0.11125870604008663,0.08999361387833715
BLDR,Builders FirstSource,Industrials,0.08960787693553236,0.10910388000962226,0.11892460288895092
NVR,"NVR, Inc.",Consumer Discretionary,0.07536176013528365,0.09876874419297597,0.051926295096579776
SWK,Stanley Black & Decker,Industrials,0.0725078281867015,0.09023969266920864,0.035150624125543706
TSLA,"Tesla, Inc.",Consumer Discretionary,-0.08468179999506559,-0.08465051849539902,0.062441143862201426
ALB,Albemarle Corporation,Materials,0.0794387330004948,0.07944003104563019,-0.0024532362615318527
WSM,"Williams-Sonoma, Inc.",Consumer Discretionary,0.07684651240445911,0.07767519205441466,0.05946710795485667
ARE,Alexandria Real Estate Equities,Real Estate,0.07301789637059644,0.07302195849487941,0.021869258972671418
FCX,Freeport-McMoRan,Materials,0.01387963478646393,0.04051074886421429,-0.025424499553884986
MAS,Masco,Industrials,0.05340919475327184,0.027849828083384372,0.07082122305066878
LOW,Lowe's,Consumer Discretionary,0.06018674456253735,0.02463173099493202,0.04768071220571374
HD,Home Depot (The),Consumer Discretionary,0.0483537291956579,0.02097092190899098,0.0424181794198432
POOL,Pool Corporation,Consumer Discretionary,0.06910310467863341,0.020836217695814126,0.0597492951844006
WY,Weyerhaeuser,Real Estate,0.049187322535645304,0.0180595531642227,0.02624106460516739
SHW,Sherwin-Williams,Materials,0.049154891065774114,0.01519636320427723,0.03882624997314395
PPG,PPG Industries,Materials,0.034909489636930434,0.012464068006087773,0.026775765416587893
AOS,A. O. Smith,Industrials,0.06416683066551329,0.011832792965050574,0.0662939407211939
DOC,Healthpeak Properties,Real Estate,0.0350210905806668,0.010870486907338477,0.03573535905016014
KIM,Kimco Realty,Real Estate,0.053136860202269896,0.008310530349072705,0.043401183345564406
BXP,"BXP, Inc.",Real Estate,0.06279245169567227,0.007896563546593429,0.06124662222051119
FRT,Federal Realty Investment Trust,Real Estate,0.04224060460160889,0.007369364181846878,0.03529832106060905
LII,Lennox International,Industrials,0.04007408525792268,0.007193543072668038,0.03661240605676337
CME,CME Group,Financials,0.0060448616604904795,0.006727370892781851,0.007986328675698337
UDR,"UDR, Inc.",Real Estate,0.0055558925892780185,0.006518212050525928,0.011507041483457638
EXR,Extra Space Storage,Real Estate,0.03444199145628494,0.005658750053386403,0.03645530215803812
RSG,Republic Services,Industrials,0.017156835466722847,0.004533265935493229,0.027205842109306825
PSA,Public Storage,Real Estate,0.02609357414101989,0.0043618308382167015,0.029955133837859874
WM,Waste Management,Industrials,0.008298093085967451,0.004162258267193981,0.042164084091145554
ATO,Atmos Energy,Utilities,0.04347781451961698,0.004153615275449022,0.020396113930183105
AVY,Avery Dennison,Materials,0.022468705378769948,0.003971347466291475,0.0255163063752731
AEE,Ameren,Utilities,0.02436453833144093,0.0038976729929767477,0.011016614225246843
PGR,Progressive Corporation,Financials,0.011060845692855587,0.0038073920854850276,-0.008629344903676343
KMI,Kinder Morgan,Energy,0.008468393220947272,0.0037959698036479647,0.003960219322507517
ALLE,Allegion,Industrials,0.04401565358511581,0.003763103626393323,0.06611248872009173
COR,Cencora,Health Care,-0.0016653727793219531,0.0037527849350523154,0.015110570079973682
PLTR,Palantir Technologies,Information Technology,0.009086015826035767,-0.0035663765829337907,0.036587305739100684
HOOD,Robinhood Markets,Financials,-0.02509089733336549,-0.00345491353656509,0.11110615223475438
ITW,Illinois Tool Works,Industrials,0.025852804077015304,0.0034245359412879922,0.05389408903744511
IBKR,Interactive Brokers,Financials,-0.03410811549165486,0.003277000402789464,0.021332242298014926
COIN,Coinbase,Financials,-0.024575540823559325,-0.0032669386116574066,0.1584876110168708
L,Loews Corporation,Financials,0.025913676748185222,0.0031475659700503436,0.022327686492964353
CB,Chubb Limited,Financials,0.01818841018050051,0.0030827698371650226,0.014086837314872801
ACGL,Arch Capital Group,Financials,-0.010256485818672606,0.0030346419520298315,0.0011333798149291137
AFL,Aflac,Financials,0.038493683110629694,0.0030157958880562222,0.012152779038799081
WRB,W. R. Berkley Corporation,Financials,-0.004007903505469477,0.002897108649800535,0.04011032214729121
KO,Coca-Cola Company (The),Consumer Staples,0.006518772653252451,-0.002811697953817014,0.01837215122837149
BRK-B,Berkshire Hathaway,Financials,0.019921097433734283,0.0027804803073922173,0.04692586333852875
ON,ON Semiconductor,Information Technology,0.010289753671367492,-0.002772039160510961,0.058848198682121114
JPM,JPMorgan Chase,Financials,-0.0008672400023963676,0.002675928610555522,0.02930832801206449
URI,United Rentals,Industrials,0.060124779455881086,0.002665025083322426,0.10898454713094548
MLM,Martin Marietta Materials,Materials,0.04617815977032295,0.00259427739741968,0.03832074217761368
CAH,Cardinal Health,Health Care,-0.016275838430172936,0.002563039635932963,0.010006764855004329
CMS,CMS Energy,Utilities,0.030122751546667215,-0.0024757039035241415,0.010168960022304854
DD,DuPont,Materials,0.027381646836710634,0.0023964328278863146,0.01841460764141914
AEP,American Electric Power,Utilities,0.03529180672635912,-0.0023910573802815712,0.01105714243860044
WEC,WEC Energy Group,Utilities,0.029430532736664725,-0.002381006679359236,0.005833053947943957
GPC,Genuine Parts Company,Consumer Discretionary,0.04089525751321612,0.002342874164562349,0.03745530132045706
MS,Morgan Stanley,Financials,0.01959059509912006,0.0021601694872663015,0.014986470267180002
ADP,Automatic Data Processing,Industrials,0.003912060616800888,0.002151289935019473,0.042336695384330124
AMT,American Tower,Real Estate,0.05577386525185389,-0.002102556008618728,0.014136883327832292
WELL,Welltower,Real Estate,-0.00171860423408101,0.0018355636339743315,0.012251445626302756
WMB,Williams Companies,Energy,0.006583705323124533,0.001767015084164293,-0.007527660023716244
PNW,Pinnacle West Capital,Utilities,0.03251903958316496,0.001588619994844526,0.006726519124600556
LRCX,Lam Research,Information Technology,-0.04844225608419156,0.0015811031616826143,0.015028782287368772
EVRG,Evergy,Utilities,0.02595622757845395,0.0015344625062924315,0.0023762790883273023
VTR,Ventas,Real Estate,0.014065927607675931,0.0015253578434491965,0.0022624167229618047
SO,Southern Company,Utilities,0.0220290193243914,0.0015078568700953995,0.015654516548784653
NDSN,Nordson Corporation,Industrials,0.044633416438024515,0.0014963506792255487,0.033807981804904276
EXC,Exelon,Utilities,0.025521146129123908,0.0014828964019227221,0.005646621000353146
CL,Colgate-Palmolive,Consumer Staples,0.007392229113277476,0.0014746931527217636,-0.003689243174250804
KLAC,KLA Corporation,Information Technology,-0.025408569077221006,0.00144705022203732,0.016545480061652983
AWK,American Water Works,Utilities,0.04121370183821521,-0.0014195865003480436,0.02077820005917628
MU,Micron Technology,Information Technology,-0.006963320189544923,0.0014161244325295716,-0.021264092541862775
AMAT,Applied Materials,Information Technology,-0.04144865135192309,0.0014129448968858214,0.01880572018112127
NI,NiSource,Utilities,0.026959579618075092,0.0013902191611286372,0.011049825791935574
MRSH,Marsh McLennan,Financials,0.025820487087312043,0.0013243915344763192,0.007197793102494347
ESS,Essex Property Trust,Real Estate,0.008802960913046106,0.0013130603647664048,0.0012202944841792907
JBHT,J.B. Hunt,Industrials,0.048747281948585394,0.0012728983760702983,0.07483386150993188
MCHP,Microchip Technology,Information Technology,-0.002711274564137528,0.0012648163298209746,0.029108487584179783
TER,Teradyne,Information Technology,0.008563744196922182,0.001263648852142724,0.051616103021021834
MPWR,Monolithic Power Systems,Information Technology,-0.01818611140686401,0.0012564996284279344,0.06806747817975536
KR,Kroger,Consumer Staples,0.017015878913110644,0.0011915690668249266,0.01598537514412124
WDC,Western Digital,Information Technology,-0.007551050898815723,0.0011914473776141775,-0.010071048216111284
BRO,Brown & Brown,Financials,0.020764178385573054,0.001169160761643697,0.014464718447844435
IEX,IDEX Corporation,Industrials,0.041338173061936594,0.001153979996144201,0.03878623655802426
COHR,Coherent Corp.,Information Technology,0.021729985145471732,0.0011535107348947995,0.047325049093335125
AON,Aon plc,Financials,0.012339946876733062,0.0011501630991364899,0.003195660390832762
PM,Philip Morris International,Consumer Staples,0.03222807465682636,0.001147470218968103,0.01042166232917273
TMUS,T-Mobile US,Communication Services,-0.0013412513587401469,0.0011453007085458244,0.023052970216193402
VICI,Vici Properties,Real Estate,0.06173064026865293,0.0011414870585220941,0.029162449825990124
PNR,Pentair,Industrials,0.045222390824912216,0.0011319507714993918,0.0593645289105861
IR,Ingersoll Rand,Industrials,0.04027684009783272,0.0011273071155800682,0.04943824531981868
CBOE,Cboe Global Markets,Financials,0.007093312897108338,0.0011229788835841227,0.017979669530950253
DUK,Duke Energy,Utilities,0.034277977043377594,0.001122306121954719,0.019622360163292853
PAYX,Paychex,Industrials,0.0003417483320817284,0.0011107773714398857,0.0598504788059674
VRSK,Verisk Analytics,Industrials,-0.0010538499152930687,0.0010969634322391803,0.021754586676652803
MO,Altria,Consumer Staples,0.008104149906413845,0.001095463109325514,0.019977431614449148
NEM,Newmont,Materials,0.07207152953879187,0.0010877596316092146,0.024087555183593946
CAT,Caterpillar Inc.,Industrials,0.015429746754709562,0.0010600840189357718,0.08520271066202426
JKHY,Jack Henry & Associates,Financials,0.007705994459467276,0.0009933378754161607,0.033548135860503314
COST,Costco,Consumer Staples,-0.046459233977902865,0.0009855426703234945,0.004925321258651355
REG,Regency Centers,Real Estate,0.018196769914247356,0.0009841725774204849,0.02976452393060594
ZBRA,Zebra Technologies,Information Technology,0.04065454234345421,0.000957528258510128,0.02240788325994932
DOW,Dow Inc.,Materials,0.015963388746645595,0.0009483558523439803,0.042766181568551505
O,Realty Income,Real Estate,0.0415800271936677,0.000938502616484883,0.02460377889658056
RVTY,Revvity,Health Care,0.05435555933927369,0.0009073431729563882,0.029606677160626232
LNT,Alliant Energy,Utilities,0.031246578287613604,0.0008986637966239195,0.025008307914266465
MTD,Mettler Toledo,Health Care,0.03764635472856982,0.0008967394522818915,0.018029915110528327
BBY,Best Buy,Consumer Discretionary,-0.004755746809920206,0.0008731582991259283,0.014314190102209348
MAA,Mid-America Apartment Communities,Real Estate,0.013211370604296382,0.0008399273735697353,0.022284900499205094
ED,Consolidated Edison,Utilities,0.02895230940574245,-0.0008172594660966216,0.0009834054234830504
NFLX,Netflix,Communication Services,-0.049304279689593264,0.0007967910054906799,0.005454301586155583
CBRE,CBRE Group,Real Estate,0.04784029621406413,0.0007693467360021122,0.04319032686905373
VRT,Vertiv,Industrials,0.0010774899829014244,0.000756752506941001,-0.03439938661864912
CPT,Camden Property Trust,Real Estate,0.010865783236370401,0.000738927671100524,0.018510468031615282
NVDA,Nvidia,Information Technology,-0.030762132259507743,0.0007238447072824186,-0.008196936344763924
PPL,PPL Corporation,Utilities,0.029122952154289082,0.0007165394107974302,0.002477495188435968
ODFL,Old Dominion,Industrials,0.04574018785018094,0.0007105106821110391,0.08751093612176658
AVB,AvalonBay Communities,Real Estate,-0.004721151837942503,0.0006983368503169091,0.012978526902941828
EQR,Equity Residential,Real Estate,-0.0036858056003203597,0.0006889595325715103,0.019599834796265935
PLD,Prologis,Real Estate,0.05076454612473897,0.0006686965336933387,0.008929406309869516
CARR,Carrier Global,Industrials,0.06404678053646745,0.0006660141964765332,0.05093177741733562
CAG,Conagra Brands,Consumer Staples,-0.012605192007656241,0.0006001325656206987,0.021266181604616984
INVH,Invitation Homes,Real Estate,-0.018451776277447558,0.0005997052101321913,0.010944624110072059
PG,Procter & Gamble,Consumer Staples,-0.0007245229942380998,0.0005937952964313671,0.00848143817278579
DTE,DTE Energy,Utilities,0.04066366773576379,0.0005886042249745133,0.01334051234313537
ORLY,O’Reilly Automotive,Consumer Discretionary,0.016958204400567764,0.0005778728767418605,0.010142154472474157
CCI,Crown Castle,Real Estate,0.05297131257917452,0.0005448992547023909,0.015128247205006587
TT,Trane Technologies,Industrials,0.03190588609596461,0.0005387726805538537,0.00509496529290329
D,Dominion Energy,Utilities,0.04253421122618496,0.0005377435596634946,-0.006607008629731715
EQT,EQT Corporation,Energy,0.017632089952517003,0.0005126647672968586,-0.03585954719845669
VMC,Vulcan Materials Company,Materials,0.050076814136794615,0.0005041128702463594,0.0313842712167051
ETN,Eaton Corporation,Industrials,0.03122890475931689,0.0004968126163290875,0.011009085357065674
BALL,Ball Corporation,Materials,0.027481620782018608,0.0004947705817058377,0.026102654813741164
XEL,Xcel Energy,Utilities,0.030222909148934753,0.000479226199466192,-0.002777565960276212
IFF,International Flavors & Fragrances,Materials,0.007819673090505727,0.0004671829123365754,0.005519270646180366
GIS,General Mills,Consumer Staples,0.017244366338013305,0.00044051218154957453,-0.004283145140583262
AMCR,Amcor,Materials,0.02581451661622517,0.00043857498102601585,0.026158387492701822
CNP,CenterPoint Energy,Utilities,0.001686081548246526,0.0004351831883915685,-0.038116187956526965
ECL,Ecolab,Materials,0.009245071321673829,0.0004339556250675038,0.002818127099080067
BSX,Boston Scientific,Health Care,0.004954341941414137,0.0004329062219778579,0.01612626070981827
FE,FirstEnergy,Utilities,0.020994081594661367,0.0004184804265624862,-0.012748870806672837
CHD,Church & Dwight,Consumer Staples,-0.008351358740277948,0.00039559566920545515,-0.013684837381654089
MCD,McDonald's,Consumer Discretionary,0.035879368501951815,0.0003891181996191804,0.009647110257738798
AZO,AutoZone,Consumer Discretionary,0.022755956241424208,0.00038301519906160786,0.03526055470454413
HIG,Hartford (The),Financials,0.015814191258130814,0.00037143344208039107,0.01615079800169495
ALL,Allstate,Financials,0.020701577596359662,0.00035253060421245946,0.0349893415593943
SYF,Synchrony Financial,Financials,0.012511672428822214,0.000338099272049953,0.052607013368608874
AJG,Arthur J. Gallagher & Co.,Financials,0.023182243749311698,0.0003288074861183567,-0.009298309046248912
CRH,CRH plc,Materials,0.0478548493394839,0.00032758875666277234,0.036991112169097916
MDLZ,Mondelez International,Consumer Staples,0.001225484945045369,0.00032647843711902213,0.007777428041502032
SBAC,SBA Communications,Real Estate,0.07072702207401603,0.00032636311698072847,0.015133026646727412
HUBB,Hubbell Incorporated,Industrials,0.02098260024374355,0.0003162264245163997,0.03216672172471726
SPG,Simon Property Group,Real Estate,0.00830057974281382,0.0003088141489339068,0.018048320742566997
NXPI,NXP Semiconductors,Information Technology,-0.0012012087903373464,0.00030775070428572856,0.0573245437055986
PEP,PepsiCo,Consumer Staples,0.012582654896532047,0.0002980140915671072,0.004928256887295237
GS,Goldman Sachs,Financials,0.013444755564249691,0.00029048764297642175,0.048449314139606056
TRV,Travelers Companies (The),Financials,0.028199584150276576,0.000288515519858514,0.041436295557761134
FIX,Comfort Systems USA,Industrials,0.057837049322841574,0.00028779217026212134,0.03380453443432162
DGX,Quest Diagnostics,Health Care,0.036476283940280615,0.0002805045973257042,0.034922932819743055
ROL,"Rollins, Inc.",Industrials,-0.007466654710321759,0.00027548525596446003,-0.002230663654030164
T,AT&T,Communication Services,0.018084032403135535,0.0002719502027491947,-0.0005303261652018533
JBL,Jabil,Information Technology,0.03930454121916521,0.0002696352678386167,0.03140178063964656
MKC,McCormick & Company,Consumer Staples,0.015857586073783177,0.00025990733026205737,0.02948108910695852
VZ,Verizon,Communication Services,0.016232726754478358,0.00025151017762964584,0.0036253904820224767
VST,Vistra Corp.,Utilities,0.0022949659028398553,0.000249046766484633,-0.06470612392362736
COF,Capital One,Financials,0.014493925137066118,0.0002482704078334147,0.07329571778932342
MCK,McKesson Corporation,Health Care,-0.019931192852676003,0.0002482024121682814,0.015045248672042068
TYL,Tyler Technologies,Information Technology,0.010653290934331754,0.0002463893841125055,0.028010967628570874
AMD,Advanced Micro Devices,Information Technology,0.02696239656020412,0.00023320418603484826,-0.024424699235402702
WTW,Willis Towers Watson,Financials,0.017870014005258655,0.00023167375579482316,0.00889240344323506
ES,Eversource Energy,Utilities,0.026613687357551784,0.000225802552923834,0.005372764667958314
CINF,Cincinnati Financial,Financials,0.03759781672931168,0.00022306584630292975,0.03017977248613598
LITE,Lumentum,Information Technology,0.026333617672440128,0.00020981538565008253,0.030237629080731326
PH,Parker Hannifin,Industrials,0.0375800694814112,0.00020608061472173554,0.07391863268064408
ABT,Abbott Laboratories,Health Care,0.024683037625051744,0.0001985963843176911,-0.008822054842302664
KMB,Kimberly-Clark,Consumer Staples,0.011339085617168143,0.00019569058579535473,0.010159688556905695
PEG,Public Service Enterprise Group,Utilities,0.012491001247416741,0.00019436085807981787,-0.02634690836063002
KHC,Kraft Heinz,Consumer Staples,0.007799166289661127,0.0001850194563504461,0.02030223657462377
MSFT,Microsoft,Information Technology,-0.010588101090918295,0.00018444760455732414,-0.011457589722462644
GEV,GE Vernova,Industrials,0.021277394719334285,0.00018181857834617947,0.03361115743170806
ETR,Entergy,Utilities,0.033174077368328204,0.00017785354499105538,-0.00018433839424565092
LIN,Linde plc,Materials,0.008521114319771367,0.0001771586045533662,0.024620323728642982
OKE,Oneok,Energy,0.005806995730222991,0.00017533587859131926,0.02572169568681454
DOV,Dover Corporation,Industrials,0.0390274400441057,0.00017373300231810615,0.050279473285196996
CEG,Constellation Energy,Utilities,0.004066434100016758,0.00017338354642124968,-0.05673519141212603
EME,Emcor,Industrials,0.03220752464033896,0.00017128409394164579,0.04091307282473607
EMR,Emerson Electric,Industrials,0.0407673041635999,0.00016970950057247435,0.040517056894485676
C,Citigroup,Financials,-0.012702378566556753,0.00016944054416024887,0.023463167780573013
JNJ,Johnson & Johnson,Health Care,0.017860720303576202,-0.000169256820208493,0.008712671107217199
TRGP,Targa Resources,Energy,0.009021977797284347,0.0001674181758310909,0.009015419425667501
CPB,Campbell's Company (The),Consumer Staples,-0.0011023942667301393,0.00016381534555064245,0.016843795889697
ICE,Intercontinental Exchange,Financials,0.03239099156539054,0.00016289750713487387,0.011956923532021314
EG,Everest Group,Financials,0.018629064635348774,0.0001589696400825051,0.038201495555036796
EXE,Expand Energy,Energy,0.011324100973719877,0.0001561459950504484,-0.007816783892169013
ERIE,Erie Indemnity,Financials,0.01643918290410488,0.00015314217155058037,0.047071614946353015
ARES,Ares Management,Financials,0.04582497602509414,0.00015107272776320433,0.04774353723072061
AIZ,Assurant,Financials,0.030049422621251574,0.00015089727802805144,0.021973836214782456
BR,Broadridge Financial Solutions,Industrials,0.017251231061238572,0.00015079796427758978,0.03035000275109533
CTRA,Coterra,Energy,0.019076704480939177,0.00014994051977787104,0.013981144192337733
A,Agilent Technologies,Health Care,0.042154450101133605,0.00014880340208578316,0.03927346605150729
CLX,Clorox,Consumer Staples,0.02242383664563025,0.00014829157506494542,0.0075359985328165985
HPQ,HP Inc.,Information Technology,0.01901641923891262,0.00014709192945019435,0.05129336849994072
LMT,Lockheed Martin,Industrials,0.00017383440914007955,0.00014261994975271083,0.017654646465399756
TMO,Thermo Fisher Scientific,Health Care,0.020158016179102137,0.00014214813954718233,0.023186432465655996
DELL,Dell Technologies,Information Technology,-0.035051915246393825,0.00013946117760901258,-0.046994067579192514
FDX,FedEx,Industrials,0.02299726982219931,0.00013919963225314768,0.04561525036355331
AIG,American International Group,Financials,0.01584712626650615,0.00013876208662788147,0.017134196179163935
CIEN,Ciena,Information Technology,0.025146568680128448,0.00013817902402960978,0.0753443912650746
TECH,Bio-Techne,Health Care,0.06883383051254682,0.00013588067344416795,0.04418404816001547
APH,Amphenol,Information Technology,0.013174278384074204,0.00013477201647388434,0.012577290456014117
ADI,Analog Devices,Information Technology,0.007429104364678578,0.00013133471377319727,0.04020912074819772
V,Visa Inc.,Financials,-0.010947444912305294,0.0001307833038101664,0.02519874457157624
KKR,KKR & Co.,Financials,0.030501787289658078,0.0001275746090861844,0.06937874632060027
AXP,American Express,Financials,0.004197351406540185,0.0001269405111774279,0.04456290352341856
WFC,Wells Fargo,Financials,0.004665090162956298,0.00012557362345760957,0.0013289612437819634
CFG,Citizens Financial Group,Financials,0.051017622948382746,0.00012273118927299132,0.03599361394372719
DHR,Danaher Corporation,Health Care,0.026664908142294524,0.00012243931306467177,0.02355613315670494
WAT,Waters Corporation,Health Care,0.06336282614573557,0.00012219866990210524,0.04934599519928785
TGT,Target Corporation,Consumer Staples,0.0254194756260335,0.00012164694268174741,0.02356432701890511
SJM,J.M. Smucker Company (The),Consumer Staples,0.016054141489913416,0.0001200832929580617,0.05564756457862887
NOC,Northrop Grumman,Industrials,0.019375388233614416,0.00011895388820669912,0.007241962279990744
HRL,Hormel Foods,Consumer Staples,0.02725496316105643,0.00011863217494542362,0.02492818893186059
APP,AppLovin,Information Technology,-0.03239243053894202,-0.00011860221668594465,0.05364994341463137
KEY,KeyCorp,Financials,0.05711951574482868,0.00011829808905146572,0.05528398218046118
BX,Blackstone Inc.,Financials,0.043009553071518714,0.0001170533796044615,0.07894241058561993
IQV,IQVIA,Health Care,0.02955196348490858,0.00011524403754158868,0.05983083739598545
TSN,Tyson Foods,Consumer Staples,0.017200549429744895,0.00011429178538584529,0.03777934743779997
IVZ,Invesco,Financials,0.04869640030303179,0.00011124170416817347,0.03018384764453938
TJX,TJX Companies,Consumer Discretionary,0.015834630734195297,0.00011040045101671386,0.009433975049583168
AXON,Axon Enterprise,Industrials,-0.024930508995892504,-0.0001102982795877726,0.09266517772485386
APO,Apollo Global Management,Financials,0.03718147860770424,0.00010746238064642235,0.023664934947024742
BAC,Bank of America,Financials,0.00937164058472935,0.00010707603223707327,0.05400439775597496
TEL,TE Connectivity,Information Technology,0.03284143109858079,0.00010626048999813942,0.03117108039252363
QCOM,Qualcomm,Information Technology,-0.03573122626711766,0.00010370108707288281,0.04782465349006768
YUM,Yum! Brands,Consumer Discretionary,0.0223290093023097,0.00010235152953811072,-0.004643380361095387
MA,Mastercard,Financials,-0.018794793007606996,0.0001012356348023984,0.01616024278075713
CCL,Carnival,Consumer Discretionary,0.012215732744193571,9.875550053780037e-05,0.05685174866110526
RJF,Raymond James Financial,Financials,0.01696148048685999,9.806126381370791e-05,-0.06141705569441869
DAL,Delta Air Lines,Industrials,-0.04136421525394112,9.784904754499732e-05,0.02263592774794152
ANET,Arista Networks,Information Technology,-0.01698555654986848,9.762534701535246e-05,-0.003789214468598279
AMP,Ameriprise Financial,Financials,0.01495834435735168,9.67521021239815e-05,-0.02479217476804835
WMT,Walmart,Consumer Staples,-0.0014317558554943583,9.477442084547346e-05,0.002718275438977122
FTV,Fortive,Industrials,0.03130559009583567,9.429398351107647e-05,0.05161337698196927
UPS,United Parcel Service,Industrials,0.02906400883996385,9.424295548903613e-05,0.06368361583469034
KDP,Keurig Dr Pepper,Consumer Staples,0.014911661163933963,9.311892730324913e-05,0.007067252397948781
GLW,Corning Inc.,Information Technology,0.008470901451793623,9.26640070116558e-05,0.025206932472643623
SMCI,Supermicro,Information Technology,-0.00716037594995944,9.125163742336553e-05,-0.013883269464133161
STX,Seagate Technology,Information Technology,0.016725737988859273,8.986642373727833e-05,0.02420740570428566
LYB,LyondellBasell,Materials,0.010247856953099115,8.936266640471524e-05,0.037519909641450085
MTB,M&T Bank,Financials,0.03373689875925119,8.598111138702465e-05,0.051448144308377436
PNC,PNC Financial Services,Financials,0.041180802011007406,8.545596602269204e-05,0.05982636655255987
TFC,Truist Financial,Financials,0.037331071262972595,8.497283959700639e-05,0.04950895488453828
RF,Regions Financial Corporation,Financials,0.029399318014695464,8.373157979938805e-05,0.0499162096593401
MET,MetLife,Financials,0.03540699795318475,8.314190989425529e-05,0.04349097022707282
HBAN,Huntington Bancshares,Financials,0.03708327565884457,8.268064816660469e-05,0.0584371281590281
JCI,Johnson Controls,Industrials,0.037420213400142316,8.154980547679236e-05,0.034962792237496786
RL,Ralph Lauren Corporation,Consumer Discretionary,0.02449003151212056,8.106756888244353e-05,-0.060220331202115375
PWR,Quanta Services,Industrials,0.03603969221438215,7.994914734557788e-05,-0.018223836090249083
MSI,Motorola Solutions,Information Technology,-0.005209111121665537,7.979905053112513e-05,0.0188088468275989
ROK,Rockwell Automation,Industrials,0.0485278504983557,7.904956215105651e-05,0.07087019627517385
USB,U.S. Bancorp,Financials,0.050377544647824624,7.88934233678924e-05,0.03192008876451834
HPE,Hewlett Packard Enterprise,Information Technology,-0.002355722118798107,7.880607301954406e-05,0.010790796765772256
MRK,Merck & Co.,Health Care,0.02298049876256658,-7.848629879788487e-05,-0.0277521935746185
DASH,DoorDash,Consumer Discretionary,-0.03293667932208036,-7.802760288697856e-05,0.031007338014547838
UAL,United Airlines Holdings,Industrials,-0.03360939713477807,7.721986947172795e-05,0.03085133730890237
HSIC,Henry Schein,Health Care,0.010189929580247233,-7.657903041112358e-05,0.03753546315550766
FITB,Fifth Third Bancorp,Financials,0.05506965262911875,7.554565710268743e-05,0.04995939506021462
XYZ,"Block, Inc.",Financials,0.030231244626897424,-7.144494672475548e-05,0.08058633641614868
XOM,ExxonMobil,Energy,0.020608330967275112,6.938752566315392e-05,0.024337164612585213
KEYS,Keysight Technologies,Information Technology,0.028475083753107783,6.923717904550318e-05,0.06545781269655074
STT,State Street Corporation,Financials,0.02730445495395178,6.870618646152083e-05,0.10350224008449191
NEE,NextEra Energy,Utilities,0.03514869818348341,6.778527351497654e-05,-0.03820386073456716
CRL,Charles River Laboratories,Health Care,0.04376439693177491,6.712882277812426e-05,0.07502543940236356
CMI,Cummins,Industrials,0.04141153905144358,6.683875163623323e-05,0.06694809008106961
PRU,Prudential Financial,Financials,0.031121482805717953,6.652574743636001e-05,0.03326938154039933
CRWD,CrowdStrike,Information Technology,-0.040861979715522606,-6.563354763782956e-05,-0.0037323701013799934
ISRG,Intuitive Surgical,Health Care,0.0027094444743386964,6.471825282723908e-05,-0.012456038288145954
GWW,W. W. Grainger,Industrials,-0.004942969296009452,6.445087393302645e-05,0.08882462800293642
NRG,NRG Energy,Utilities,0.004657299389335285,6.169824189293731e-05,-0.041015534210465734
CTAS,Cintas,Industrials,0.006418197025139866,6.0172114325705335e-05,0.013279863877145566
ROP,Roper Technologies,Information Technology,0.009870098289816949,6.0065520503118296e-05,0.01984036934590854
NCLH,Norwegian Cruise Line Holdings,Consumer Discretionary,0.02278245848880998,5.994873455409141e-05,0.06489862570745732
FAST,Fastenal,Industrials,0.02540968330886042,5.936101235844497e-05,0.07300553261433515
BK,BNY Mellon,Financials,0.02071077298847792,5.883166922978435e-05,0.05614571512653923
CVX,Chevron Corporation,Energy,0.014794007337641439,5.786737304847518e-05,0.016037153440515303
SCHW,Charles Schwab Corporation,Financials,0.02058371423536936,5.521424354248606e-05,-0.12069535483012508
GL,Globe Life,Financials,0.039732277283073145,5.4618040572036275e-05,0.03776211521581808
MDT,Medtronic,Health Care,0.015360032226610207,5.2988948947806085e-05,0.0003840640928074301
APA,APA Corporation,Energy,0.03414453942548697,5.279053463209772e-05,0.06119711615993769
LHX,L3Harris,Industrials,0.019198498553763644,5.277264385195942e-05,0.04283083372119027
PSX,Phillips 66,Energy,0.030477327190558526,5.255863671237098e-05,0.020672725484953827
VRSN,Verisign,Information Technology,0.0038393030492557987,5.2531878175332965e-05,0.02791661292466845
DVN,Devon Energy,Energy,0.007785472647523856,5.207007286374224e-05,0.038458233218255276
GD,General Dynamics,Industrials,0.016464102895158077,4.986673101875098e-05,0.025846505459863185
OXY,Occidental Petroleum,Energy,0.007510227078764486,4.96571866036246e-05,0.01035602684060008
COP,ConocoPhillips,Energy,0.02487019559902893,4.901118634002806e-05,0.010472170615513164
CDNS,Cadence Design Systems,Information Technology,-0.003781811855100424,4.863637969324397e-05,-0.0074784505439581825
FDS,FactSet,Financials,0.017717515054141268,4.843817926810106e-05,0.053743132960999716
VLO,Valero Energy,Energy,0.002321315585423374,4.726386307137398e-05,0.014824149712679454
PKG,Packaging Corporation of America,Materials,0.035927920131794015,4.671535055303601e-05,0.04394024309695149
UNP,Union Pacific Corporation,Industrials,0.030812508221377356,4.643750638273746e-05,0.06080973613183154
TAP,Molson Coors Beverage Company,Consumer Staples,0.024331154121329454,4.615586742131785e-05,0.027182325569826853
SNA,Snap-on,Industrials,0.04500677713388293,4.605210239094865e-05,0.040167805991008255
CI,Cigna,Health Care,0.015681852853691274,4.5490883105460435e-05,0.018269593157046356
MPC,Marathon Petroleum,Energy,0.008373930880835066,4.544112373129348e-05,0.020364594261036508
KVUE,Kenvue,Consumer Staples,-0.016602459840610775,4.301361384694505e-05,0.01824770170422179
MNST,Monster Beverage,Consumer Staples,0.009592390733403504,4.161957019230477e-05,0.004167970670431337
AMZN,Amazon,Consumer Discretionary,-0.021755939569444747,3.967562425469869e-05,-0.010462118984894637
SPGI,S&P Global,Financials,0.027681957811363348,3.7973429514612716e-05,0.032372565331214645
FIS,Fidelity National Information Services,Financials,0.024917525343094115,3.74699094796679e-05,0.01744442104362484
EW,Edwards Lifesciences,Health Care,-0.006762274216462524,3.428571795830506e-05,-0.05672131696024205
ABBV,AbbVie,Health Care,0.011007431033385471,-3.190956243933011e-05,0.004956713624984371
ACN,Accenture,Information Technology,0.004141117373705504,3.176156707544254e-05,0.08676506574643802
AVGO,Broadcom,Information Technology,-0.015910635605682982,3.17502575502549e-05,-0.007147608840627271
NTRS,Northern Trust,Financials,0.03431446674087006,3.054368943040936e-05,0.04392091244828444
SRE,Sempra,Utilities,0.019003081425143942,3.020062195061708e-05,-0.008604836874207537
CSX,CSX Corporation,Industrials,0.03805969862241486,3.015720821956778e-05,0.0460482830583197
SYK,Stryker Corporation,Health Care,0.007481469352736858,2.9621444765035534e-05,-0.013879167903286097
CTSH,Cognizant,Information Technology,0.04744411966196742,2.8320138065448746e-05,0.05072997004565884
MGM,MGM Resorts,Consumer Discretionary,0.04689402211284265,2.8267604956834768e-05,0.020298659326290696
WAB,Wabtec,Industrials,0.03333524898788302,2.683155020808779e-05,0.03665773380299875
TXN,Texas Instruments,Information Technology,-0.0008497786233156134,2.634630471426277e-05,0.03261401011237332
FISV,Fiserv,Financials,0.0010584353971349984,2.5993528914784542e-05,0.03820302695259867
HCA,HCA Healthcare,Health Care,0.0018915196266309124,2.5673310130494185e-05,0.004399616849257056
NDAQ,"Nasdaq, Inc.",Financials,0.022600686794806125,2.3392024925706924e-05,0.017530307028396686
MCO,Moody's Corporation,Financials,0.016606276459435534,2.1533719164567e-05,0.020344398512818475
EOG,EOG Resources,Energy,0.01969807013091854,2.0759632813060822e-05,0.02580163547976697
INTC,Intel,Information Technology,-0.03201920720911079,2.0531498395407597e-05,0.024765427383573606
INTU,Intuit,Information Technology,-0.03145064003152295,2.0406797068944085e-05,0.05673218399053798
EIX,Edison International,Utilities,0.03772470831892426,1.916584366332766e-05,-0.004858110490032654
ABNB,Airbnb,Consumer Discretionary,-0.043230031707837124,1.8399992152476093e-05,0.03539355240350722
HAL,Halliburton,Energy,0.023778545045516013,1.8360179657935742e-05,0.06728596641124922
ADM,Archer Daniels Midland,Consumer Staples,0.01758557027408756,-1.7746291112940573e-05,0.0048132465344594266
FANG,Diamondback Energy,Energy,0.02230607858017502,1.7303888985339844e-05,0.009081622725690274
WDAY,"Workday, Inc.",Information Technology,0.016537390759072842,1.719681155738277e-05,0.0381501470304125
PCG,PG&E Corporation,Utilities,0.035131076263479485,1.6868107196279148e-05,-0.013452936097679707
SW,Smurfit Westrock,Materials,0.04450028762198661,1.6797908208660897e-05,0.04973452792057041
HSY,Hershey Company (The),Consumer Staples,0.021865845344603837,1.4852301992155823e-05,0.01688124085778612
BLK,BlackRock,Financials,0.02776807960362416,1.358025526894418e-05,0.022855518746607108
GE,GE Aerospace,Industrials,-0.005753725434288547,1.3303643543947916e-05,0.00572703071986881
APTV,Aptiv,Consumer Discretionary,0.03792257485496042,1.2289256796788734e-05,0.0228723613686602
BKNG,Booking Holdings,Consumer Discretionary,-0.010379163654318428,1.17700860519341e-05,0.045362888856363234
GNRC,Generac,Industrials,0.03845300924876242,1.1536074879043073e-05,0.07010149038403511
PFG,Principal Financial Group,Financials,0.036544202625807584,1.129593867407267e-05,0.03502547230219903
HWM,Howmet Aerospace,Industrials,-0.007254527136731502,1.0364775594309759e-05,0.021361835234779556
TRMB,Trimble Inc.,Information Technology,0.01829976545974883,1.0279282588689985e-05,0.041099299817586823
NTAP,NetApp,Information Technology,-0.00478074198923022,9.477082289895971e-06,0.000988231767028367
BKR,Baker Hughes,Energy,0.031795557475054394,9.082787546841086e-06,0.0505686008127584
CF,CF Industries,Materials,0.006846398088646353,8.858322571809308e-06,0.0397126049852567
GILD,Gilead Sciences,Health Care,0.03209433679204135,-8.85117774512298e-06,0.023587021704762456
CVNA,Carvana,Consumer Discretionary,0.033097696206049465,-8.495786686633079e-06,0.109944821631112
SLB,Schlumberger,Energy,0.02166604650262966,8.435523277736974e-06,0.05332641285537226
EA,Electronic Arts,Communication Services,0.033024003325512336,8.32412374032216e-06,0.009384522778109649
ZBH,Zimmer Biomet,Health Care,0.022716487713405814,-8.109469733835792e-06,-0.006770199383221645
ORCL,Oracle Corporation,Information Technology,0.017496458957686062,-7.867558497569065e-06,-0.0010512197163187213
MSCI,MSCI Inc.,Financials,0.009321169637942684,7.054337315164089e-06,0.028654608430230617
TROW,T. Rowe Price,Financials,0.023313092588801813,6.874699440362571e-06,0.030096559991122256
TPL,Texas Pacific Land Corporation,Energy,0.04575069977603681,6.390020916178763e-06,0.04843174313291018
NOW,ServiceNow,Information Technology,0.006871412763500265,6.000604940075039e-06,0.015431496881916695
SNPS,Synopsys,Information Technology,0.001315034212891683,-5.884400652305276e-06,0.006990033832675998
VLTO,Veralto,Industrials,0.014523016258301342,5.09673146950845e-06,0.021396783902615867
RCL,Royal Caribbean Group,Consumer Discretionary,0.00030644279712011566,5.022554917912338e-06,0.05310555198539195
IP,International Paper,Materials,0.008425019872789654,5.005468676413477e-06,0.0588272196209749
AMGN,Amgen,Health Care,0.028644843982206895,-4.884201492018898e-06,0.02446068905067999
STLD,Steel Dynamics,Materials,0.043468235800087185,-4.422921482269724e-06,0.02240252258531561
CRM,Salesforce,Information Technology,-0.005202926325840208,4.264801660279821e-06,0.019363750034460052
RTX,RTX Corporation,Industrials,0.006014979187972479,4.261309921554798e-06,0.019085309984455904
LH,Labcorp,Health Care,0.03402695025198062,4.056334355873973e-06,0.04850152484150828
PFE,Pfizer,Health Care,0.03334820974345846,-4.0344884404126944e-06,0.028887901438016436
SWKS,Skyworks Solutions,Information Technology,0.03272599132458347,3.9430442136246025e-06,0.09311675729052107
TSCO,Tractor Supply,Consumer Discretionary,0.021382022281288146,3.6283836550652465e-06,0.07457811172486903
STZ,Constellation Brands,Consumer Staples,0.02846936301518301,-3.4855184996417844e-06,-0.044463994852170854
EXPE,Expedia Group,Consumer Discretionary,0.0012439274319069587,3.4131420525321765e-06,0.08185769150931593
CPAY,Corpay,Financials,0.03983145574868499,-3.2736661685600016e-06,0.04596377903768552
ELV,Elevance Health,Health Care,0.00861660899310207,3.2504541259194093e-06,0.03555250112769048
DDOG,Datadog,Information Technology,0.004412623885651385,3.249170066818148e-06,0.027758036931630925
LDOS,Leidos,Industrials,0.026532141202809938,3.144095918415806e-06,0.019019047414943195
NSC,Norfolk Southern,Industrials,0.033083978364504975,2.7072471961773575e-06,0.06080040566036044
HII,Huntington Ingalls Industries,Industrials,0.039589519510992516,2.6940238813833456e-06,0.0607321679359903
PANW,Palo Alto Networks,Information Technology,-0.015407469209061973,2.555972603108114e-06,0.02228485254274251
FTNT,Fortinet,Information Technology,-0.025028565520740266,-2.3279348834780775e-06,0.011668325908855345
NUE,Nucor,Materials,0.056352119694494926,2.2323254067765783e-06,0.04417810236388091
PYPL,PayPal,Financials,0.016640475087234746,-2.1450796590882062e-06,0.029887290476934864
DLR,Digital Realty,Real Estate,0.028487837122869997,2.135597754924353e-06,0.028746723136470104
BDX,Becton Dickinson,Health Care,0.015546613035632519,-2.061365090532348e-06,0.02528449011090903
ALGN,Align Technology,Health Care,0.03501883234319808,1.8725109157425897e-06,-0.034776427752599245
ADSK,Autodesk,Information Technology,0.019524487042409455,-1.7744656680947602e-06,0.020096591246948556
BMY,Bristol Myers Squibb,Health Care,-0.0026956529241701993,1.5782437777274207e-06,0.010982444158320118
REGN,Regeneron Pharmaceuticals,Health Care,0.0245900233463167,-1.4467902317137643e-06,0.013534213895199026
AME,Ametek,Industrials,0.03113162763925744,1.225856009827125e-06,0.038750455613208216
IT,Gartner,Information Technology,-0.0010494496395551988,1.212456291860798e-06,0.04045556918996245
ROST,Ross Stores,Consumer Discretionary,0.02667901126367768,1.0362417745826581e-06,-0.012881000398328726
TPR,"Tapestry, Inc.",Consumer Discretionary,0.04516275380606555,1.0032849448810104e-06,-0.012031410407146243
BF-B,Brown–Forman,Consumer Staples,0.04545710265130183,9.087097591007588e-07,0.007569721285873083
SYY,Sysco,Consumer Staples,0.03592871748068112,-8.746690566338278e-07,0.018518886844629715
MRNA,Moderna,Health Care,0.05652641166522071,8.118195715063186e-07,0.018713239276354706
LUV,Southwest Airlines,Industrials,-0.018369437377552263,7.732777974594109e-07,0.06252037032798094
MOS,Mosaic Company (The),Materials,0.04291560639103081,-7.106370267913965e-07,0.058423355783794734
APD,Air Products,Materials,0.012873354447726906,7.027351092561893e-07,0.03627199289619889
DECK,Deckers Brands,Consumer Discretionary,-0.055176457983172965,6.979231375250309e-07,0.026901255861198296
VRTX,Vertex Pharmaceuticals,Health Care,0.012554891691580283,-6.575605419283773e-07,-0.006421307843604047
GPN,Global Payments,Financials,0.01090174936332255,-6.544263357404743e-07,0.0627362050566767
FFIV,"F5, Inc.",Information Technology,0.011646534967597284,6.259805502841832e-07,0.0528445903573987
META,Meta Platforms,Communication Services,-0.033186228311061425,-6.088598624517655e-07,-0.045714138220546055
OTIS,Otis Worldwide,Industrials,0.029969128432243027,-5.981120854506164e-07,0.003821719097785955
EFX,Equifax,Industrials,0.051232961827936754,5.700941350386305e-07,0.045264619228856336
CMCSA,Comcast,Communication Services,0.006377809600526781,5.448734207040401e-07,0.04809604712337344
MAR,Marriott International,Consumer Discretionary,0.009469956266516616,5.213595726709803e-07,0.06197300484300432
WYNN,Wynn Resorts,Consumer Discretionary,-0.001771412875028638,5.140039712691575e-07,0.01571322829845357
DG,Dollar General,Consumer Staples,0.02345080563088381,5.094379543234901e-07,-0.031731388971497236
EPAM,EPAM Systems,Information Technology,0.03540288990597858,4.962459876652807e-07,0.10136144962159432
CDW,CDW Corporation,Information Technology,0.041134857473632894,-4.781738811455691e-07,0.06912996079700252
BG,Bunge Global,Consumer Staples,0.0049898200742934514,-4.316778857238182e-07,0.008022006399084281
UHS,Universal Health Services,Health Care,0.016443189281289926,4.2268756880657696e-07,-0.0003806216191744767
ADBE,Adobe Inc.,Information Technology,-0.014933779010214629,3.870066077046642e-07,0.015851979430052166
HST,Host Hotels & Resorts,Real Estate,0.018079651399164898,3.743615723513655e-07,0.03844509095054787
STE,Steris,Health Care,0.02007721816249167,3.7300857847348264e-07,0.044004571112490704
INCY,Incyte,Health Care,0.02585720332940483,-3.649960679619103e-07,0.027082169395795507
BEN,Franklin Resources,Financials,0.045200551896614746,3.24364501736191e-07,0.03783651187332869
GOOGL,Alphabet Inc. (Class A),Communication Services,-0.01820891752063776,-2.9563434274133666e-07,-0.00893136462993881
GOOG,Alphabet Inc. (Class C),Communication Services,-0.01662552654852171,-2.9450416518207785e-07,-0.009656698433338724
IBM,IBM,Information Technology,0.010316197959982266,2.663117418920497e-07,0.041201036974096064
BIIB,Biogen,Health Care,0.03323194858614158,-2.2125009136467162e-07,-0.05102660976738807
DVA,DaVita,Health Care,0.01675275076363141,-2.0417021762823343e-07,-0.0182038970688235
XYL,Xylem Inc.,Industrials,0.03153582661266298,-1.8600452179790108e-07,0.024290786173293794
EBAY,eBay Inc.,Consumer Discretionary,0.025688118826840852,-1.8502213180579245e-07,0.02558603874787397
PCAR,Paccar,Industrials,0.018478386825308387,1.5789421538231812e-07,0.05337870592760973
DPZ,Domino's,Consumer Discretionary,-0.009969391248845673,1.4610648347801391e-07,0.034813625593072786
BAX,Baxter International,Health Care,0.03495958000926331,-1.180603311681197e-07,0.009044709597516902
AES,AES Corporation,Utilities,0.053412247507814384,-1.1645620147408112e-07,-0.055110454479629416
HLT,Hilton Worldwide,Consumer Discretionary,0.00745185183305528,-5.387327992678981e-08,0.05092668569467153
CVS,CVS Health,Health Care,0.01018733654966241,3.8829800459781925e-08,0.03128694856819381
CNC,Centene Corporation,Health Care,0.02270948274101514,-2.0514627054412674e-08,0.027282428452949956
HUM,Humana,Health Care,0.016917374314508574,4.137726445920805e-09,0.040943121622726855
UNH,UnitedHealth Group,Health Care,0.024588002726362704,-4.0125100032321125e-10,0.08457136438152929
NWSA,News Corp (Class A),Communication Services,0.00431978700211539,0.0,0.02132270197024405
OMC,Omnicom Group,Communication Services,0.019258683745573615,0.0,0.032835423381474604
NWS,News Corp (Class B),Communication Services,0.0027972337447573696,0.0,0.022441867936312653
CTVA,Corteva,Materials,0.030102147366483693,0.0,0.03625835050775962
NKE,"Nike, Inc.",Consumer Discretionary,0.012753076107941585,0.0,-0.007934439946447366
CSGP,CoStar Group,Real Estate,0.049195842119738584,0.0,0.023264561031784724
CSCO,Cisco,Information Technology,0.02074405843636145,0.0,0.014015858080136629
CMG,Chipotle Mexican Grill,Consumer Discretionary,0.0012170686639603173,0.0,0.0032960813932752797
LVS,Las Vegas Sands,Consumer Discretionary,0.01667896092889122,0.0,0.013612162841141319
LLY,Lilly (Eli),Health Care,0.0017571506450952245,0.0,0.00795432801546514
LULU,Lululemon Athletica,Consumer Discretionary,-0.002313997273693002,0.0,0.008813047477595915
DIS,Walt Disney Company (The),Communication Services,-0.004647657900575188,0.0,0.019173257871348288
DE,Deere & Company,Industrials,0.035925350721389325,0.0,0.043058246277165424
MMM,3M,Industrials,0.034894193556925725,0.0,0.0007746195420564516
DLTR,Dollar Tree,Consumer Staples,0.025623005029792076,0.0,-0.018057721915857423
DXCM,Dexcom,Health Care,0.016286779017244075,0.0,0.029732811754317003
EL,Estée Lauder Companies (The),Consumer Staples,-0.025266098395719652,0.0,-0.006120424375893489
WST,West Pharmaceutical Services,Health Care,0.04501250112186707,0.0,-0.012650922130868356
AKAM,Akamai Technologies,Information Technology,0.017365589152740755,0.0,0.03528923281832694
F,Ford Motor Company,Consumer Discretionary,0.0432375450896782,0.0,0.06606866800186574
FICO,Fair Isaac,Information Technology,-0.00034445879510926897,0.0,0.029697778693191637
EQIX,Equinix,Real Estate,0.03959267506115137,0.0,0.018405692510853115
DRI,Darden Restaurants,Consumer Discretionary,0.00767449470677615,0.0,0.037581477182057586
LYV,Live Nation Entertainment,Communication Services,0.007958099662703569,0.0,0.01336462208737447
COO,Cooper Companies (The),Health Care,0.03328668946494746,0.0,0.017457891325101428
IRM,Iron Mountain,Real Estate,0.014815048832206646,0.0,0.056158758462887065
CPRT,Copart,Industrials,0.007320704919040128,0.0,-0.015435810912258853
IDXX,Idexx Laboratories,Health Care,0.02048387089088457,0.0,0.023783133304589588
CHRW,C.H. Robinson,Industrials,-0.002082025913508449,0.0,0.01573743249756447
CHTR,Charter Communications,Communication Services,0.034214559391151804,0.0,0.07375562156114747
PODD,Insulet Corporation,Health Care,0.042384523437759926,0.0,-0.011012164110949822
SOLV,Solventum,Health Care,0.027522791636561048,0.0,0.013682311932180932
SATS,EchoStar,Communication Services,0.064890600033847,0.0,0.06786586709194556
SBUX,Starbucks,Consumer Discretionary,0.007531739949320982,0.0,0.029704498091374508
HON,Honeywell,Industrials,0.019979523329504745,0.0,0.016708569449601772
GEHC,GE HealthCare,Health Care,0.03916076130332097,0.0,0.03321726082802149
GEN,Gen Digital,Information Technology,0.03542001930563382,0.0,0.02293496653995624
RMD,ResMed,Health Care,0.048457234638028764,0.0,0.03453540312613324
GDDY,GoDaddy,Information Technology,-0.015777009734333238,0.0,0.03810513723188861
CASY,Casey's,Consumer Staples,0.04187073252862035,0.0,0.0191225036820546
PTC,PTC Inc.,Information Technology,0.012820377386792814,0.0,0.02369217584958318
PSKY,Paramount Skydance Corporation,Communication Services,0.017197276392690225,0.0,0.018581823516052247
J,Jacobs Solutions,Industrials,0.033654684527165656,0.0,0.06601671557819638
EXPD,Expeditors International,Industrials,0.03421607386453977,0.0,-0.00965714437289163
TDG,TransDigm Group,Industrials,-0.011733638140109208,0.0,0.019605235761661278
TDY,Teledyne Technologies,Information Technology,0.03171673625967315,0.0,0.02365273267923889
BA,Boeing,Industrials,0.003649728426881834,0.0,0.011568943772124446
GM,General Motors,Consumer Discretionary,0.035464001448522686,0.0,0.037670649797631926
TKO,TKO Group Holdings,Communication Services,-0.007340667330858036,0.0,-0.029070403950316265
UBER,Uber,Industrials,0.030516680890726358,0.0,0.010417523190468132
TTD,Trade Desk (The),Communication Services,-0.029488837758093342,0.0,0.023858361947140028
FOXA,Fox Corporation (Class A),Communication Services,0.012706746308638052,0.0,0.030125136060689346
FSLR,First Solar,Information Technology,0.035845825000557975,0.0,-0.05367462445648108
HAS,Hasbro,Consumer Discretionary,0.03544510332431745,0.0,0.05867457236106739
FOX,Fox Corporation (Class B),Communication Services,0.01484657181191566,0.0,0.0287554708049085
GRMN,Garmin,Consumer Discretionary,0.03211239137585048,0.0,0.04100429015394458
TXT,Textron,Industrials,0.03565427849939546,0.0,0.06367378564217205
TTWO,Take-Two Interactive,Communication Services,0.01435815431519446,0.0,0.016884124298460767
ULTA,Ulta Beauty,Consumer Discretionary,0.012072978877429813,0.0,0.02191274734950389
WBD,Warner Bros. Discovery,Communication Services,0.00543479070431549,0.0,0.07816475973259793
VTRS,Viatris,Health Care,0.035474469285019766,0.0,0.016836946188793365
AAPL,Apple Inc.,Information Technology,-0.004865785545854699,0.0,0.03136134846039119
ZTS,Zoetis,Health Care,0.01988816567949568,0.0,0.028672550068336196
