symbol,name,sector,sub_industry,degree_centrality,weighted_degree,betweenness,eigenvector,closeness
A,Agilent Technologies,Health Care,Life Sciences Tools & Services,0.016,4.37435445705179,0.0,1.1375803563397855e-05,0.09261170562690947
AAPL,Apple Inc.,Information Technology,"Technology Hardware, Storage & Peripherals",0.0,0.0,0.0,4.297616962637649e-15,0.0
ABBV,AbbVie,Health Care,Biotechnology,0.08,13.669711499669463,0.003591182364729459,0.029042539202377572,0.14588736643586614
ABNB,Airbnb,Consumer Discretionary,"Hotels, Resorts & Cruise Lines",0.036000000000000004,5.827916740744141,0.00037675350701402805,0.014971888515891818,0.13152207914610883
ABT,Abbott Laboratories,Health Care,Health Care Equipment,0.166,30.740065941944025,0.007454909819639278,0.06336287359744999,0.16384322538664983
ACGL,Arch Capital Group,Financials,Property & Casualty Insurance,0.156,31.470696881638496,0.0002484969939879759,0.057645575473139615,0.16157762615141275
ACN,Accenture,Information Technology,IT Consulting & Other Services,0.028,5.513948540914518,0.007751503006012024,0.0008268976714953496,0.11376271029235845
ADBE,Adobe Inc.,Information Technology,Application Software,0.012,2.3185646772827777,0.0,2.3751173737074254e-05,0.08978524063616031
ADI,Analog Devices,Information Technology,Semiconductors,0.13,26.10696392829249,0.00028056112224448897,0.054845484621004595,0.1582675668627829
ADM,Archer Daniels Midland,Consumer Staples,Agricultural Products & Services,0.044,7.525162053130652,0.014036072144288576,0.013240677518238143,0.13948837503954511
ADP,Automatic Data Processing,Industrials,Human Resource & Employment Services,0.14400000000000002,27.19030579365293,0.021122244488977954,0.030209728121046088,0.1560084190929362
ADSK,Autodesk,Information Technology,Application Software,0.024,4.436017588524882,0.001314629258517034,0.00039098796173562677,0.1062794219356854
AEE,Ameren,Utilities,Multi-Utilities,0.328,74.39490862073328,0.011238476953907815,0.12869776995222268,0.20102794124504292
AEP,American Electric Power,Utilities,Electric Utilities,0.332,73.89676174813205,0.004128256513026052,0.12648692099517864,0.19995994748564655
AES,AES Corporation,Utilities,Independent Power Producers & Energy Traders,0.004,0.7302794988493875,0.0035751503006012024,0.000538238855518759,0.11421941773633329
AFL,Aflac,Financials,Life & Health Insurance,0.198,39.79184109808002,0.002725450901803607,0.07169938664725041,0.1698186308815317
AIG,American International Group,Financials,Multi-line Insurance,0.036000000000000004,7.737797898426736,0.00020841683366733466,0.009640355978134426,0.14024829142721112
AIZ,Assurant,Financials,Multi-line Insurance,0.044,9.148161263562091,0.0,0.011787684538652423,0.13404506931370988
AJG,Arthur J. Gallagher & Co.,Financials,Insurance Brokers,0.182,34.673367194421765,0.00019238476953907816,0.057734369880156906,0.16107988044221092
AKAM,Akamai Technologies,Information Technology,Internet Services & Infrastructure,0.0,0.0,0.0,4.297616962637649e-15,0.0
ALB,Albemarle Corporation,Materials,Specialty Chemicals,0.002,0.35180808096086136,0.0,7.602937963453529e-05,0.09464521235686138
ALGN,Align Technology,Health Care,Health Care Supplies,0.02,3.2357936009523987,0.007663326653306613,0.00529894611632717,0.12476232017349834
ALL,Allstate,Financials,Property & Casualty Insurance,0.17400000000000002,35.39497635354531,0.004408817635270541,0.06459028985360506,0.1648660455674899
ALLE,Allegion,Industrials,Building Products,0.012,2.096656401549293,9.619238476953908e-05,3.777677291115479e-05,0.10059646092309352
AMAT,Applied Materials,Information Technology,Semiconductor Materials & Equipment,0.242,47.72142923199564,0.00044889779559118237,0.08013470505678914,0.17092709636745745
AMCR,Amcor,Materials,Paper & Plastic Packaging Products & Materials,0.004,0.6697632299586909,0.0,2.8437686515801976e-05,0.09463663266504903
AMD,Advanced Micro Devices,Information Technology,Semiconductors,0.168,29.229596424850715,4.008016032064128e-05,0.05194575345757175,0.15422410419949498
AME,Ametek,Industrials,Electrical Components & Equipment,0.004,0.6780472064497254,0.0,0.0007747069962600616,0.10999775172432459
AMGN,Amgen,Health Care,Biotechnology,0.02,3.793298327025697,8.016032064128256e-05,0.002824312176561838,0.12966780089558058
AMP,Ameriprise Financial,Financials,Asset Management & Custody Banks,0.064,12.563825022426588,0.0004248496993987976,0.00667732010033285,0.12784583593645757
AMT,American Tower,Real Estate,Telecom Tower REITs,0.29,60.259319081690414,0.004304609218436874,0.1052378778572232,0.18835980523825455
AMZN,Amazon,Consumer Discretionary,Broadline Retail,0.054,9.220500502650463,0.0072705410821643284,0.020262786407378122,0.13840482006340205
ANET,Arista Networks,Information Technology,Communications Equipment,0.14400000000000002,27.16864549651907,0.0011142284569138276,0.044617557572409684,0.15701728615206678
AON,Aon plc,Financials,Insurance Brokers,0.16,30.67158474545879,0.00012024048096192384,0.05326795258093795,0.15913002994923106
AOS,A. O. Smith,Industrials,Building Products,0.022,3.9075640810816292,3.2064128256513025e-05,7.48185586539087e-05,0.10651542230835728
APA,APA Corporation,Energy,Oil & Gas Exploration & Production,0.04,10.784283806039282,0.00022444889779559118,4.398869955364404e-05,0.10312346272567818
APD,Air Products,Materials,Industrial Gases,0.002,0.31677865700278085,0.0,0.0003329426151707214,0.10071881868248371
APH,Amphenol,Information Technology,Electronic Components,0.106,20.920802880979902,0.0004408817635270541,0.029364207152968787,0.15010606682485028
APO,Apollo Global Management,Financials,Asset Management & Custody Banks,0.15,28.696680958821094,0.0003366733466933868,0.05301162410531389,0.16023983675164108
APP,AppLovin,Information Technology,Application Software,0.05,8.170147817803336,0.00022444889779559118,0.012961125825464987,0.14159838586987866
APTV,Aptiv,Consumer Discretionary,Automotive Parts & Equipment,0.004,0.6760506458563619,0.0,0.0010587198410625868,0.11638380088854335
ARE,Alexandria Real Estate Equities,Real Estate,Office REITs,0.01,1.8659838635154338,1.6032064128256513e-05,0.0011541106281812918,0.11295676338328416
ARES,Ares Management,Financials,Asset Management & Custody Banks,0.148,27.646896411456055,0.0004008016032064128,0.052097731187529334,0.15909449685054705
ATO,Atmos Energy,Utilities,Gas Utilities,0.34600000000000003,77.29383766045757,0.00105811623246493,0.13151633222625356,0.202499842941496
AVB,AvalonBay Communities,Real Estate,Multi-Family Residential REITs,0.122,24.533575675157266,0.00012024048096192384,0.04621253937480807,0.15204154691051086
AVGO,Broadcom,Information Technology,Semiconductors,0.17,31.96596733425416,0.0004569138276553106,0.05573208306483711,0.1605250988065789
AVY,Avery Dennison,Materials,Paper & Plastic Packaging Products & Materials,0.036000000000000004,5.868269285884328,0.007334669338677355,0.0033065849006329124,0.12915133449769958
AWK,American Water Works,Utilities,Water Utilities,0.378,83.60390502730542,0.019575150300601203,0.13488359119317003,0.2082068261896651
AXON,Axon Enterprise,Industrials,Aerospace & Defense,0.004,0.7117337254221445,0.0,8.451912070778599e-05,0.09842994199821938
AXP,American Express,Financials,Consumer Finance,0.122,23.523027013165837,0.0008256513026052104,0.03182317524341992,0.14837926045516334
AZO,AutoZone,Consumer Discretionary,Automotive Retail,0.116,20.797410743012954,0.0001683366733466934,0.04494589802870733,0.15510988642374793
BA,Boeing,Industrials,Aerospace & Defense,0.0,0.0,0.0,4.297616962637649e-15,0.0
BAC,Bank of America,Financials,Diversified Banks,0.05,12.625972871713378,4.809619238476954e-05,0.005009952188034149,0.12786578550779773
BALL,Ball Corporation,Materials,"Metal, Glass & Plastic Containers",0.026000000000000002,4.144543283228843,0.0008657314629258516,0.006555821104660404,0.1308519405257739
BAX,Baxter International,Health Care,Health Care Equipment,0.004,0.7842057153394232,0.00014428857715430862,0.0001989257865467162,0.10007344884319977
BBY,Best Buy,Consumer Discretionary,Computer & Electronics Retail,0.006,1.0545206212824205,0.003807615230460922,0.0001485072641246249,0.10282190819076596
BDX,Becton Dickinson,Health Care,Health Care Equipment,0.018000000000000002,2.9317075997731097,0.00023246492985971943,0.002844639578482265,0.12370546129330824
BEN,Franklin Resources,Financials,Asset Management & Custody Banks,0.004,0.6971086064538226,0.0,0.00037597753658389813,0.10347536559533406
BF-B,Brown–Forman,Consumer Staples,Distillers & Vintners,0.026000000000000002,4.73674875160209,0.0,0.007499262370754417,0.13001785503057567
BG,Bunge Global,Consumer Staples,Agricultural Products & Services,0.008,1.6891917446058184,0.0,0.00021759944856889876,0.1149516562163949
BIIB,Biogen,Health Care,Biotechnology,0.012,2.298575547483817,8.016032064128256e-05,0.00047183176735028485,0.10606947942492617
BK,BNY Mellon,Financials,Asset Management & Custody Banks,0.022,4.111634255837345,8.016032064128256e-06,0.0011862408970555894,0.10838290207796361
BKNG,Booking Holdings,Consumer Discretionary,"Hotels, Resorts & Cruise Lines",0.006,1.0660398162903006,5.6112224448897796e-05,0.00017165044576921987,0.09703264737956516
BKR,Baker Hughes,Energy,Oil & Gas Equipment & Services,0.032,6.629407017690808,0.0,2.911119660679762e-05,0.09428018071139621
BLDR,Builders FirstSource,Industrials,Building Products,0.032,6.87155293370963,0.0018917835671342685,0.001989420818845125,0.13086208046739575
BLK,BlackRock,Financials,Asset Management & Custody Banks,0.014,2.513977471699723,0.0,0.002267205556993715,0.11436230311966623
BMY,Bristol Myers Squibb,Health Care,Pharmaceuticals,0.032,5.6856728341250315,0.0,0.009216375493547702,0.14040075236423322
BR,Broadridge Financial Solutions,Industrials,Data Processing & Outsourced Services,0.082,14.928080207577494,0.000905811623246493,0.01657222249145947,0.1404593900027433
BRK-B,Berkshire Hathaway,Financials,Multi-Sector Holdings,0.188,35.57406641691912,0.0,0.06529006762509479,0.16450445160719804
BRO,Brown & Brown,Financials,Insurance Brokers,0.162,30.651217158552697,5.6112224448897796e-05,0.0521201588302938,0.1583059342639174
BSX,Boston Scientific,Health Care,Health Care Equipment,0.014,2.2905121475144643,0.0007294589178356713,0.00052306892413572,0.11514528726095535
BX,Blackstone Inc.,Financials,Asset Management & Custody Banks,0.10400000000000001,18.89106461538877,0.00012024048096192384,0.03826165040421551,0.1510084943549825
BXP,"BXP, Inc.",Real Estate,Office REITs,0.01,1.747684018446959,0.0004008016032064128,0.0006006013071170468,0.10267601484353409
C,Citigroup,Financials,Diversified Banks,0.132,25.862255045674058,0.001907815631262525,0.03434086217822249,0.149967400965195
CAG,Conagra Brands,Consumer Staples,Packaged Foods & Meats,0.264,51.526239932466346,0.0012905811623246492,0.08642635989677037,0.1813938821702424
CAH,Cardinal Health,Health Care,Health Care Distributors,0.082,14.462202801250577,0.0,0.03101939747711473,0.14715445394156845
CARR,Carrier Global,Industrials,Building Products,0.01,1.9604476686437333,0.0001282565130260521,0.0002974767503147045,0.10586839235727671
CASY,Casey's,Consumer Staples,Food Retail,0.0,0.0,0.0,4.297616962637649e-15,0.0
CAT,Caterpillar Inc.,Industrials,Construction Machinery & Heavy Transportation Equipment,0.108,18.713365239333516,0.0025571142284569136,0.024446293752377102,0.14806627191299596
CB,Chubb Limited,Financials,Property & Casualty Insurance,0.28200000000000003,58.06692656331917,0.011182364729458917,0.09849264922431826,0.1834364837749407
CBOE,Cboe Global Markets,Financials,Financial Exchanges & Data,0.28600000000000003,58.629214515797884,0.0005050100200400801,0.10394266021661476,0.18994047627806832
CBRE,CBRE Group,Real Estate,Real Estate Services,0.004,0.718126470729189,0.00013627254509018035,2.6725325615615467e-05,0.08805686707672256
CCI,Crown Castle,Real Estate,Telecom Tower REITs,0.232,47.31523471648996,6.412825651302605e-05,0.08976008732732992,0.17785994351702217
CCL,Carnival,Consumer Discretionary,"Hotels, Resorts & Cruise Lines",0.13,24.005702661174144,0.011134268537074148,0.047519727289283345,0.1586862809663254
CDNS,Cadence Design Systems,Information Technology,Application Software,0.10200000000000001,17.917254422090252,0.007871743486973948,0.037092993884151465,0.14949015789076817
CDW,CDW Corporation,Information Technology,Technology Distributors,0.002,0.3981569860811096,0.0,0.00013224123723809447,0.09728651982672276
CEG,Constellation Energy,Utilities,Electric Utilities,0.076,14.872099918679972,0.00036072144288577156,0.01857772986976622,0.14564235353304245
CF,CF Industries,Materials,Fertilizers & Agricultural Chemicals,0.036000000000000004,6.901437178626838,0.007503006012024048,0.00013435737031215273,0.10223895349336326
CFG,Citizens Financial Group,Financials,Regional Banks,0.11800000000000001,25.577046512298192,0.006028056112224449,0.02980130298407687,0.14902283605799047
CHD,Church & Dwight,Consumer Staples,Household Products,0.298,58.139475649127085,0.0019639278557114226,0.09970933969107865,0.18404369116786476
CHRW,C.H. Robinson,Industrials,Air Freight & Logistics,0.002,0.5113523291332361,0.0,1.1699127182864468e-13,0.0010227046582664723
CHTR,Charter Communications,Communication Services,Cable & Satellite,0.002,0.5533747845332392,0.0,1.718245653628781e-05,0.09272855680642078
CI,Cigna,Health Care,Health Care Services,0.058,9.866492641430717,0.011711422845691382,0.01815691168863079,0.14257228003031683
CIEN,Ciena,Information Technology,Communications Equipment,0.128,24.310038612531063,3.2064128256513025e-05,0.03711774541683106,0.1527133869119851
CINF,Cincinnati Financial,Financials,Property & Casualty Insurance,0.08600000000000001,17.82386974121742,0.0,0.03056246137624609,0.14737042262121944
CL,Colgate-Palmolive,Consumer Staples,Household Products,0.364,77.20748522559404,0.012897795591182364,0.12306277142154334,0.20212498998687073
CLX,Clorox,Consumer Staples,Household Products,0.184,35.128771719348066,0.0016753507014028056,0.07026662019273491,0.16765516660162813
CMCSA,Comcast,Communication Services,Cable & Satellite,0.006,1.2008554115494414,0.0035751503006012024,0.001378140591814359,0.1140598235751272
CME,CME Group,Financials,Financial Exchanges & Data,0.292,61.25229754508891,0.015887775551102205,0.10592364577207243,0.19530867053973183
CMG,Chipotle Mexican Grill,Consumer Discretionary,Restaurants,0.0,0.0,0.0,4.297616962637649e-15,0.0
CMI,Cummins,Industrials,Construction Machinery & Heavy Transportation Equipment,0.048,8.050209458898454,0.0035751503006012024,0.011496190065714128,0.13870355388745054
CMS,CMS Energy,Utilities,Multi-Utilities,0.376,85.33290919176332,0.013034068136272545,0.13973895384830154,0.20753197512902694
CNC,Centene Corporation,Health Care,Managed Health Care,0.006,1.309808617486488,0.0,0.00016556702134444125,0.10130573965203345
CNP,CenterPoint Energy,Utilities,Multi-Utilities,0.256,53.31713192381636,0.0002725450901803607,0.0996535494269354,0.18282239729180835
COF,Capital One,Financials,Consumer Finance,0.168,34.04429454154864,0.0034549098196392783,0.05033987279788456,0.15865131383048173
COHR,Coherent Corp.,Information Technology,Electronic Components,0.23600000000000002,46.36681355597146,0.0029018036072144286,0.07827766725655862,0.17313227860583863
COIN,Coinbase,Financials,Financial Exchanges & Data,0.098,17.345939956330916,0.00016032064128256512,0.03677375118415744,0.15290105016755673
COO,Cooper Companies (The),Health Care,Health Care Supplies,0.0,0.0,0.0,4.297616962637649e-15,0.0
COP,ConocoPhillips,Energy,Oil & Gas Exploration & Production,0.04,11.782906687584939,0.00012024048096192384,5.189258173869722e-05,0.1070826901893126
COR,Cencora,Health Care,Health Care Distributors,0.18,35.82242214093343,0.013971943887775552,0.06614607249933514,0.1737717178686063
COST,Costco,Consumer Staples,Consumer Staples Merchandise Retail,0.064,11.231609624629803,0.00028056112224448897,0.02264277031042859,0.1462053746899564
CPAY,Corpay,Financials,Transaction & Payment Processing Services,0.008,1.268364909529046,0.0035751503006012024,0.0021023496444659583,0.122081992542515
CPB,Campbell's Company (The),Consumer Staples,Packaged Foods & Meats,0.216,42.10351468764756,0.0,0.07576856621104076,0.17338773763431117
CPRT,Copart,Industrials,Diversified Support Services,0.0,0.0,0.0,4.297616962637649e-15,0.0
CPT,Camden Property Trust,Real Estate,Multi-Family Residential REITs,0.156,31.075788648204526,0.00019238476953907816,0.058951006576996916,0.15816728842139277
CRH,CRH plc,Materials,Construction Materials,0.03,5.009407893175492,0.006525050100200401,0.009716564497735737,0.13700632768384183
CRL,Charles River Laboratories,Health Care,Life Sciences Tools & Services,0.014,2.8895662898370365,0.003054108216432866,0.0005157888114829183,0.11017990100961995
CRM,Salesforce,Information Technology,Application Software,0.028,5.70624937283096,0.000969939879759519,0.00013055450362015302,0.10329313426150383
CRWD,CrowdStrike,Information Technology,Systems Software,0.05,8.990071082878304,0.01692184368737475,0.00927059137488698,0.13799591571410985
CSCO,Cisco,Information Technology,Communications Equipment,0.0,0.0,0.0,4.297616962637649e-15,0.0
CSGP,CoStar Group,Real Estate,Real Estate Services,0.0,0.0,0.0,4.297616962637649e-15,0.0
CSX,CSX Corporation,Industrials,Rail Transportation,0.006,1.3963831739126111,0.00011222444889779559,1.1744456586274697e-06,0.07816040096856004
CTAS,Cintas,Industrials,Diversified Support Services,0.018000000000000002,3.0863525679797967,0.0,0.00520770026376474,0.13108227470561507
CTRA,Coterra,Energy,Oil & Gas Exploration & Production,0.044,10.387165629600725,0.002276553106212425,0.0002714533389098352,0.1109780295314991
CTSH,Cognizant,Information Technology,IT Consulting & Other Services,0.026000000000000002,4.905003628900311,0.0012905811623246492,0.0007797378569447529,0.11148386021905435
CTVA,Corteva,Materials,Fertilizers & Agricultural Chemicals,0.006,1.033547446927591,0.0035751503006012024,1.937602890732013e-06,0.07755126062513469
CVNA,Carvana,Consumer Discretionary,Automotive Retail,0.06,9.826039782954457,1.6032064128256513e-05,0.022055056685871568,0.14080229613378106
CVS,CVS Health,Health Care,Health Care Services,0.008,1.711731234574314,0.0,0.0001871145027012835,0.10266497108590118
CVX,Chevron Corporation,Energy,Integrated Oil & Gas,0.042,10.99916139430016,2.404809619238477e-05,0.0002650030497470939,0.10894952082730093
D,Dominion Energy,Utilities,Multi-Utilities,0.294,63.49043957530803,0.0008096192384769539,0.11453163583616754,0.1904820762932893
DAL,Delta Air Lines,Industrials,Passenger Airlines,0.112,19.92246782099358,0.00262124248496994,0.040320232339184574,0.15276374643229462
DASH,DoorDash,Consumer Discretionary,Specialized Consumer Services,0.01,1.54510650655103,0.00014428857715430862,0.0005340168603343059,0.10876324414456898
DD,DuPont,Materials,Specialty Chemicals,0.014,2.418511600093376,0.0013306613226452906,0.0019725335840025103,0.12766070056684295
DDOG,Datadog,Information Technology,Application Software,0.016,3.016556232631699,7.214428857715431e-05,0.0009094523499874323,0.11355505900888471
DE,Deere & Company,Industrials,Agricultural & Farm Machinery,0.002,0.3015782628786188,0.0,1.3528004994987072e-08,0.060257490425890174
DECK,Deckers Brands,Consumer Discretionary,Footwear,0.004,0.6646204342087052,0.0,0.00021125701955686875,0.09930228172039736
DELL,Dell Technologies,Information Technology,"Technology Hardware, Storage & Peripherals",0.136,23.73491958826969,0.0016993987975951904,0.04640211752571178,0.15264070334488353
DG,Dollar General,Consumer Staples,Consumer Staples Merchandise Retail,0.006,1.083585510778458,0.0035751503006012024,0.0011702438776229542,0.11240442567249656
DGX,Quest Diagnostics,Health Care,Health Care Services,0.2,38.316417894825385,0.003102204408817635,0.0763161534300194,0.16960014329661688
DHI,D. R. Horton,Consumer Discretionary,Homebuilding,0.028,7.13481368575897,0.0012585170340681363,0.0003240953019208623,0.11785977897408581
DHR,Danaher Corporation,Health Care,Life Sciences Tools & Services,0.018000000000000002,4.207713697222477,0.0,7.684010853112566e-05,0.10079592178581157
DIS,Walt Disney Company (The),Communication Services,Movies & Entertainment,0.0,0.0,0.0,4.297616962637649e-15,0.0
DLR,Digital Realty,Real Estate,Data Center REITs,0.014,2.6895526446361675,0.007134268537074148,0.0012535411979257062,0.1146256835803551
DLTR,Dollar Tree,Consumer Staples,Consumer Staples Merchandise Retail,0.002,0.46842405821108124,0.0,1.2351323708542072e-05,0.0886599959886605
DOC,Healthpeak Properties,Real Estate,Health Care REITs,0.08,15.614917147116428,0.00312625250501002,0.031703471961775656,0.14601330562109346
DOV,Dover Corporation,Industrials,Industrial Machinery & Supplies & Components,0.022,3.9042197218867436,0.0009218436873747494,0.006078465404685713,0.1347253854284011
DOW,Dow Inc.,Materials,Commodity Chemicals,0.02,3.965327431420849,0.004080160320641283,0.00015251592487745103,0.10437095450053899
DPZ,Domino's,Consumer Discretionary,Restaurants,0.002,0.3451961033039603,0.0,0.00042632768329165747,0.10476230920413784
DRI,Darden Restaurants,Consumer Discretionary,Restaurants,0.0,0.0,0.0,4.297616962637649e-15,0.0
DTE,DTE Energy,Utilities,Multi-Utilities,0.322,71.5636547673739,7.214428857715431e-05,0.12615634676642465,0.19652217447518536
DUK,Duke Energy,Utilities,Electric Utilities,0.4,92.67354676574593,0.048937875751503004,0.1467979516998191,0.2165081474401371
DVA,DaVita,Health Care,Health Care Services,0.002,0.3140888664808622,0.0,0.00021451669303672338,0.09571961305792637
DVN,Devon Energy,Energy,Oil & Gas Exploration & Production,0.04,11.639695183176764,0.0001843687374749499,4.862906817068914e-05,0.1053713659952237
DXCM,Dexcom,Health Care,Health Care Equipment,0.002,0.46419151061244107,0.0,9.078430663840158e-14,0.0009283830212248821
EA,Electronic Arts,Communication Services,Interactive Home Entertainment,0.008,1.235087949784926,0.0,0.003509351354638838,0.12340489648332487
EBAY,eBay Inc.,Consumer Discretionary,Broadline Retail,0.002,0.3220930693280084,0.0,3.845276943823986e-05,0.0871058745383012
ECL,Ecolab,Materials,Specialty Chemicals,0.064,10.545867723675649,0.004681362725450901,0.021560902977463547,0.1472929744897027
ED,Consolidated Edison,Utilities,Multi-Utilities,0.41000000000000003,95.39818338801096,0.08780761523046092,0.14903905629675573,0.2183643075536257
EFX,Equifax,Industrials,Research & Consulting Services,0.004,0.6458331925570544,0.0,2.4428424555117882e-05,0.08770839826790355
EG,Everest Group,Financials,Reinsurance,0.038,8.525609060947712,0.0,0.011467197752689668,0.13760916295370865
EIX,Edison International,Utilities,Electric Utilities,0.052000000000000005,10.265083287321728,0.0,0.024903554632880555,0.14039613368144427
EL,Estée Lauder Companies (The),Consumer Staples,Personal Care Products,0.0,0.0,0.0,4.297616962637649e-15,0.0
ELV,Elevance Health,Health Care,Managed Health Care,0.016,3.43762599265247,0.0058597194388777555,0.0019777300137067055,0.1211142460158595
EME,Emcor,Industrials,Construction & Engineering,0.132,26.348167186490496,3.2064128256513025e-05,0.0369060737127033,0.15556738423570457
EMR,Emerson Electric,Industrials,Electrical Components & Equipment,0.126,22.497904750830273,2.404809619238477e-05,0.04857818584709492,0.15719602299852942
EOG,EOG Resources,Energy,Oil & Gas Exploration & Production,0.04,11.258871561803923,6.412825651302605e-05,5.2078173341663714e-05,0.10696724189583048
EPAM,EPAM Systems,Information Technology,IT Consulting & Other Services,0.008,1.589110856493839,0.0,2.014303875536167e-05,0.09114355564066434
EQIX,Equinix,Real Estate,Data Center REITs,0.004,1.0303750056331706,0.0,1.6757170963340922e-05,0.09416903879591602
EQR,Equity Residential,Real Estate,Multi-Family Residential REITs,0.112,23.139309273746303,4.008016032064128e-05,0.043490240486901435,0.15171792156702135
EQT,EQT Corporation,Energy,Oil & Gas Exploration & Production,0.014,3.4844360082655124,0.002308617234468938,0.00028772656520270005,0.11488395371579116
ERIE,Erie Indemnity,Financials,Insurance Brokers,0.056,10.09502564536836,0.0,0.016005004928235634,0.13998570113779346
ES,Eversource Energy,Utilities,Electric Utilities,0.188,38.58543227613317,0.0,0.07877829616368714,0.17444475625894185
ESS,Essex Property Trust,Real Estate,Multi-Family Residential REITs,0.058,12.75343734795626,0.0003527054108216433,0.01984884473397213,0.14270491397608465
ETN,Eaton Corporation,Industrials,Electrical Components & Equipment,0.246,47.97391135347088,0.011991983967935872,0.07345249425585243,0.17196617132488187
ETR,Entergy,Utilities,Electric Utilities,0.10400000000000001,23.410071866427877,0.0021402805611222446,0.051895086577553436,0.1652274949670295
EVRG,Evergy,Utilities,Electric Utilities,0.332,74.24199604466838,0.006060120240480962,0.12762074104027707,0.2002730671948538
EW,Edwards Lifesciences,Health Care,Health Care Equipment,0.01,1.5626266279106926,2.404809619238477e-05,0.0013817841756436897,0.11664848393797933
EXC,Exelon,Utilities,Electric Utilities,0.358,79.4551301116569,0.0046332665330661325,0.13305519926545928,0.20355269851777472
EXE,Expand Energy,Energy,Oil & Gas Exploration & Production,0.014,3.306469720356406,0.0,0.0002591435600020356,0.11083004444479601
EXPD,Expeditors International,Industrials,Air Freight & Logistics,0.002,0.5113523291332361,0.0,1.1699127182864468e-13,0.0010227046582664723
EXPE,Expedia Group,Consumer Discretionary,"Hotels, Resorts & Cruise Lines",0.012,2.0303594478002136,0.002380761523046092,0.002370448445354215,0.12156819078600306
EXR,Extra Space Storage,Real Estate,Self-Storage REITs,0.092,17.29744152721023,0.0003286573146292585,0.028728018898529165,0.14986451984341875
F,Ford Motor Company,Consumer Discretionary,Automobile Manufacturers,0.002,0.5203518620927663,0.0,1.226819267533747e-13,0.0010407037241855325
FANG,Diamondback Energy,Energy,Oil & Gas Exploration & Production,0.038,11.022091769052151,0.00028056112224448897,4.766915062164359e-05,0.10543964903284535
FAST,Fastenal,Industrials,Trading Companies & Distributors,0.004,0.9127077529151306,0.0,1.791038933610644e-05,0.09353266521579669
FCX,Freeport-McMoRan,Materials,Copper,0.042,6.880078992290036,0.007150300601202405,0.009590854869291595,0.13525570371760512
FDS,FactSet,Financials,Financial Exchanges & Data,0.042,7.843660400493302,0.0014829659318637274,0.0035246618595424955,0.12761275265852437
FDX,FedEx,Industrials,Air Freight & Logistics,0.006,1.1319143507138443,0.0001683366733466934,2.4744964857185203e-06,0.08080450749644233
FE,FirstEnergy,Utilities,Electric Utilities,0.31,66.78818110051955,0.0005611222444889779,0.11731385839727071,0.19364014496255055
FFIV,"F5, Inc.",Information Technology,Communications Equipment,0.002,0.305391029902706,0.0,0.0008248623632828389,0.11500828165370232
FICO,Fair Isaac,Information Technology,Application Software,0.0,0.0,0.0,4.297616962637649e-15,0.0
FIS,Fidelity National Information Services,Financials,Transaction & Payment Processing Services,0.014,2.5244313910671323,0.0007615230460921844,0.00135169141179954,0.12085131022681925
FISV,Fiserv,Financials,Transaction & Payment Processing Services,0.008,1.397591480840375,0.0,0.0010449067770631325,0.11096360959293447
FITB,Fifth Third Bancorp,Financials,Regional Banks,0.048,12.459064270508955,0.0,0.004488806341954216,0.12751371174652606
FIX,Comfort Systems USA,Industrials,Construction & Engineering,0.18,35.994981994919,0.003214428857715431,0.05452188247890026,0.1650355881911521
FOX,Fox Corporation (Class B),Communication Services,Broadcasting,0.006,1.690333273488049,0.0,1.029657328982933e-11,0.002707042568214735
FOXA,Fox Corporation (Class A),Communication Services,Broadcasting,0.006,1.6386536694648888,0.0,1.0103609883741955e-11,0.0025386081183197
FRT,Federal Realty Investment Trust,Real Estate,Retail REITs,0.08600000000000001,16.66745350619542,0.001691382765531062,0.025586360078963536,0.14773616905795647
FSLR,First Solar,Information Technology,Semiconductors,0.002,0.31825302645146725,0.0,3.859252022958229e-06,0.08155323380727622
FTNT,Fortinet,Information Technology,Systems Software,0.008,1.514382674262282,0.0,8.553748857715611e-05,0.09959092626164229
FTV,Fortive,Industrials,Industrial Machinery & Supplies & Components,0.008,1.3233712730359795,3.2064128256513025e-05,0.0011070500155321154,0.12222620295315878
GD,General Dynamics,Industrials,Aerospace & Defense,0.022,4.566697635516744,0.0024288577154308617,0.003798505579374833,0.12652467683881646
GDDY,GoDaddy,Information Technology,Internet Services & Infrastructure,0.0,0.0,0.0,4.297616962637649e-15,0.0
GE,GE Aerospace,Industrials,Aerospace & Defense,0.022,3.7451764494860447,0.0030861723446893785,0.0027587769774879466,0.11340921595360262
GEHC,GE HealthCare,Health Care,Health Care Equipment,0.0,0.0,0.0,4.297616962637649e-15,0.0
GEN,Gen Digital,Information Technology,Systems Software,0.0,0.0,0.0,4.297616962637649e-15,0.0
GEV,GE Vernova,Industrials,Heavy Electrical Equipment,0.14200000000000002,26.861702554309055,0.0017234468937875752,0.03995985475979848,0.15562661680350579
GILD,Gilead Sciences,Health Care,Biotechnology,0.024,4.149558901706152,0.0035751503006012024,0.005898196445805976,0.135894614978667
GIS,General Mills,Consumer Staples,Packaged Foods & Meats,0.34600000000000003,71.80717021468728,0.024849699398797595,0.11369567718536668,0.1979157840222064
GL,Globe Life,Financials,Life & Health Insurance,0.01,1.7445032143191117,0.0,0.002661230100112494,0.11539143475368012
GLW,Corning Inc.,Information Technology,Electronic Components,0.07,12.947990248130306,1.6032064128256513e-05,0.014123723601863798,0.13584119825490937
GM,General Motors,Consumer Discretionary,Automobile Manufacturers,0.002,0.5203518620927663,0.0,1.226819267533747e-13,0.0010407037241855325
GNRC,Generac,Industrials,Electrical Components & Equipment,0.004,0.623028396875872,0.0,0.0006811781532895727,0.10638873688726573
GOOG,Alphabet Inc. (Class C),Communication Services,Interactive Media & Services,0.006,1.7178321703761625,0.0,0.0002058384237672655,0.10028117706678595
GOOGL,Alphabet Inc. (Class A),Communication Services,Interactive Media & Services,0.006,1.723107662895225,0.0,0.00020769331640365626,0.10055483299811792
GPC,Genuine Parts Company,Consumer Discretionary,Distributors,0.008,1.2620084365189228,0.0001683366733466934,0.0008642279924344848,0.1128267485083093
GPN,Global Payments,Financials,Transaction & Payment Processing Services,0.002,0.3106898277695632,0.0,1.4717135012301941e-05,0.08486489685260369
GRMN,Garmin,Consumer Discretionary,Consumer Electronics,0.0,0.0,0.0,4.297616962637649e-15,0.0
GS,Goldman Sachs,Financials,Investment Banking & Brokerage,0.166,31.744245213248753,0.007655310621242485,0.04313416674810934,0.157932461671646
GWW,W. W. Grainger,Industrials,Industrial Machinery & Supplies & Components,0.006,1.175322887652435,0.00029659318637274547,0.00016039107848569366,0.09949393869968336
HAL,Halliburton,Energy,Oil & Gas Equipment & Services,0.038,9.804088357970555,0.0023326653306613224,0.00019992054146175867,0.10634310749623103
HAS,Hasbro,Consumer Discretionary,Leisure Products,0.0,0.0,0.0,4.297616962637649e-15,0.0
HBAN,Huntington Bancshares,Financials,Regional Banks,0.058,14.705954017776705,0.0,0.007671008170275628,0.13360935965267234
HCA,HCA Healthcare,Health Care,Health Care Facilities,0.078,13.40028226470364,0.006589178356713426,0.030313891752448124,0.14505713015814825
HD,Home Depot (The),Consumer Discretionary,Home Improvement Retail,0.028,6.1899541084454865,0.00047294589178356714,0.001113938109484894,0.12038632012024662
HIG,Hartford (The),Financials,Property & Casualty Insurance,0.17,34.57803602534488,0.0023727454909819637,0.061712160690055556,0.16302729905478813
HII,Huntington Ingalls Industries,Industrials,Aerospace & Defense,0.008,1.3516186204506704,0.00010420841683366733,0.0004745731897622214,0.10087909011318882
HLT,Hilton Worldwide,Consumer Discretionary,"Hotels, Resorts & Cruise Lines",0.008,1.779909686532456,0.0,0.0005770100814942785,0.10560037298996339
HON,Honeywell,Industrials,Industrial Conglomerates,0.0,0.0,0.0,4.297616962637649e-15,0.0
HOOD,Robinhood Markets,Financials,Investment Banking & Brokerage,0.154,28.49465408069989,0.012753507014028055,0.05319262781121273,0.16807478710221344
HPE,Hewlett Packard Enterprise,Information Technology,"Technology Hardware, Storage & Peripherals",0.134,23.827877397410447,0.0021322645290581164,0.0513590239290633,0.15691702219409698
HPQ,HP Inc.,Information Technology,"Technology Hardware, Storage & Peripherals",0.008,1.5433503909988735,0.000529058116232465,0.0009562441470604867,0.11042423485586456
HRL,Hormel Foods,Consumer Staples,Packaged Foods & Meats,0.192,36.326664701375066,0.001034068136272545,0.0687173476187061,0.16845547846744655
HSIC,Henry Schein,Health Care,Health Care Distributors,0.002,0.30629353320581076,0.0,6.0780204676112685e-05,0.089884628759131
HST,Host Hotels & Resorts,Real Estate,Hotel & Resort REITs,0.006,1.0638630201061514,4.809619238476954e-05,8.887983872767706e-05,0.09190365409647032
HSY,Hershey Company (The),Consumer Staples,Packaged Foods & Meats,0.15,29.323919064663734,5.6112224448897796e-05,0.059340714463491415,0.16623627240281683
HUBB,Hubbell Incorporated,Industrials,Industrial Machinery & Supplies & Components,0.162,28.963941528910663,0.0007214428857715431,0.046961275691596464,0.1553664481191665
HUM,Humana,Health Care,Managed Health Care,0.008,1.7093650120675754,0.0,0.0001501843595625972,0.09666468674342657
HWM,Howmet Aerospace,Industrials,Aerospace & Defense,0.024,4.314531471461381,0.00019238476953907816,0.00429833215246266,0.12526641058829863
IBKR,Interactive Brokers,Financials,Investment Banking & Brokerage,0.136,23.555289268683964,0.004448897795591183,0.040747069995370436,0.15803917588119118
IBM,IBM,Information Technology,IT Consulting & Other Services,0.004,0.6722262505733441,0.0,1.2190247820365801e-05,0.08371975005002713
ICE,Intercontinental Exchange,Financials,Financial Exchanges & Data,0.11800000000000001,20.776026870420292,0.004601202404809619,0.03709520603301346,0.15526767190166052
IDXX,Idexx Laboratories,Health Care,Health Care Equipment,0.0,0.0,0.0,4.297616962637649e-15,0.0
IEX,IDEX Corporation,Industrials,Industrial Machinery & Supplies & Components,0.016,2.7955358587330803,0.0005691382765531062,0.0003792055656870657,0.10963137626590387
IFF,International Flavors & Fragrances,Materials,Specialty Chemicals,0.01,1.6948068518111574,0.00020841683366733466,0.0015350195127884613,0.1252217974174095
INCY,Incyte,Health Care,Biotechnology,0.002,0.3250698319445749,0.0,4.320016501939913e-05,0.09266162245664356
INTC,Intel,Information Technology,Semiconductors,0.01,1.639893180547323,0.0,0.003002958328340619,0.11632189903778603
INTU,Intuit,Information Technology,Application Software,0.034,6.292116346146146,0.0026052104208416833,0.0007515769264261063,0.11208588714390803
INVH,Invitation Homes,Real Estate,Single-Family Residential REITs,0.128,24.626664928909427,0.0002484969939879759,0.05021121267123076,0.15490501648913504
IP,International Paper,Materials,Paper & Plastic Packaging Products & Materials,0.006,1.3380394782238296,0.0001282565130260521,9.183312752548255e-06,0.09130312799958665
IQV,IQVIA,Health Care,Life Sciences Tools & Services,0.016,3.7717965568020486,0.0,1.281868470755051e-05,0.09491992960047363
IR,Ingersoll Rand,Industrials,Industrial Machinery & Supplies & Components,0.07,11.75536356354704,0.005763527054108216,0.021185861698145094,0.14524690522156278
IRM,Iron Mountain,Real Estate,Other Specialized REITs,0.004,0.9697126389884845,0.0,1.506042248195975e-05,0.09227091618374132
ISRG,Intuitive Surgical,Health Care,Health Care Equipment,0.006,0.9685256186701818,6.412825651302605e-05,2.5889987975652822e-05,0.09454779667917639
IT,Gartner,Information Technology,IT Consulting & Other Services,0.022,3.8382739520727256,0.001154308617234469,6.39750694513581e-05,0.0938999612415846
ITW,Illinois Tool Works,Industrials,Industrial Machinery & Supplies & Components,0.05,8.665589232565475,0.02713426853707415,0.0018964042445574361,0.12923501225337602
IVZ,Invesco,Financials,Asset Management & Custody Banks,0.13,23.111054391027956,0.0044569138276553105,0.0442716035239933,0.15433702633158633
J,Jacobs Solutions,Industrials,Construction & Engineering,0.0,0.0,0.0,4.297616962637649e-15,0.0
JBHT,J.B. Hunt,Industrials,Cargo Ground Transportation,0.01,1.8000396872280178,0.0011142284569138276,0.00014398832867493132,0.10316586091999556
JBL,Jabil,Information Technology,Electronic Manufacturing Services,0.18,32.648396927953236,2.404809619238477e-05,0.054767003549835054,0.15772794641290497
JCI,Johnson Controls,Industrials,Building Products,0.034,6.384817392363166,0.00013627254509018035,0.006471707792626712,0.12863454907534871
JKHY,Jack Henry & Associates,Financials,Transaction & Payment Processing Services,0.146,25.89890593301063,0.010549098196392786,0.03900081303622805,0.1582746549873812
JNJ,Johnson & Johnson,Health Care,Pharmaceuticals,0.35000000000000003,71.72899580779432,0.03376352705410821,0.11433929849324338,0.19976885857048546
JPM,JPMorgan Chase,Financials,Diversified Banks,0.052000000000000005,11.459489919762273,0.0012104208416833667,0.004627309334374368,0.1291562110658914
KDP,Keurig Dr Pepper,Consumer Staples,Soft Drinks & Non-alcoholic Beverages,0.124,24.33937177113862,0.0,0.05391960631901774,0.1600172492003559
KEY,KeyCorp,Financials,Regional Banks,0.108,22.97681163317308,0.0006092184368737475,0.027368147702739796,0.14609843475906495
KEYS,Keysight Technologies,Information Technology,Electronic Equipment & Instruments,0.1,16.74466409857203,0.0,0.036051460795837,0.14420637885804308
KHC,Kraft Heinz,Consumer Staples,Packaged Foods & Meats,0.20600000000000002,40.25564514541018,0.0002645290581162325,0.0742137409203251,0.17060849904929154
KIM,Kimco Realty,Real Estate,Retail REITs,0.094,17.877438997411538,0.0027334669338677352,0.03178506128638182,0.14777882947924095
KKR,KKR & Co.,Financials,Asset Management & Custody Banks,0.198,39.30217955330957,0.0061482965931863726,0.06992290122467625,0.1701808884348424
KLAC,KLA Corporation,Information Technology,Semiconductor Materials & Equipment,0.26,51.87152963244712,0.000344689378757515,0.08732612372640791,0.1749490718710763
KMB,Kimberly-Clark,Consumer Staples,Household Products,0.232,45.17989065926217,0.0,0.0845616858996525,0.17652323854221275
KMI,Kinder Morgan,Energy,Oil & Gas Storage & Transportation,0.062,11.981996412398194,0.020480961923847695,0.016721128469876192,0.1454821671702389
KO,Coca-Cola Company (The),Consumer Staples,Soft Drinks & Non-alcoholic Beverages,0.372,81.64104878849602,0.019519038076152306,0.13056564106722002,0.20588418821333393
KR,Kroger,Consumer Staples,Food Retail,0.24,47.392130634106735,0.00023246492985971943,0.08864227676593867,0.18111687437995777
KVUE,Kenvue,Consumer Staples,Personal Care Products,0.068,11.87168509116641,0.0,0.03171125250247575,0.144311726752716
L,Loews Corporation,Financials,Multi-line Insurance,0.196,39.72722414105052,0.0025250501002004005,0.07138721325461579,0.16774754297438732
LDOS,Leidos,Industrials,Diversified Support Services,0.006,1.144266603915433,0.0,0.00048215835187579874,0.10145694736042543
LEN,Lennar,Consumer Discretionary,Homebuilding,0.03,7.576719832011825,0.0006492985971943888,0.000907864286529135,0.12183457388673681
LH,Labcorp,Health Care,Health Care Services,0.006,1.249341936906007,0.0,0.0020339959808976043,0.13192417311438656
LHX,L3Harris,Industrials,Aerospace & Defense,0.05,9.084465721343516,0.00023246492985971943,0.01772372607619049,0.1372127402869584
LII,Lennox International,Industrials,Building Products,0.014,2.744248890124095,0.0010661322645290582,0.00021936016176918142,0.11218677140588958
LIN,Linde plc,Materials,Industrial Gases,0.128,22.206378359271238,0.0035751503006012024,0.04664876695654863,0.15611684510895368
LITE,Lumentum,Information Technology,Communications Equipment,0.194,37.021415882302286,0.0006012024048096192,0.06361401785894469,0.16453077084428055
LLY,Lilly (Eli),Health Care,Pharmaceuticals,0.0,0.0,0.0,4.297616962637649e-15,0.0
LMT,Lockheed Martin,Industrials,Aerospace & Defense,0.11,20.03683926458645,0.002965931863727455,0.04204770356436065,0.15342625921456568
LNT,Alliant Energy,Utilities,Electric Utilities,0.342,77.09264074362741,0.002813627254509018,0.13256854920387606,0.20042511273905955
LOW,Lowe's,Consumer Discretionary,Home Improvement Retail,0.034,7.495562929075126,0.00038476953907815633,0.0006083843056670532,0.11901078301143539
LRCX,Lam Research,Information Technology,Semiconductor Materials & Equipment,0.264,54.49968353279012,0.008080160320641282,0.09096023147625511,0.17885402612996973
LULU,Lululemon Athletica,Consumer Discretionary,"Apparel, Accessories & Luxury Goods",0.0,0.0,0.0,4.297616962637649e-15,0.0
LUV,Southwest Airlines,Industrials,Passenger Airlines,0.01,1.9025257402639804,0.0,0.001635867583697427,0.11350343054829119
LVS,Las Vegas Sands,Consumer Discretionary,Casinos & Gaming,0.002,0.6017863783953799,0.0,1.3806333955430767e-06,0.08380784620202343
LYB,LyondellBasell,Materials,Specialty Chemicals,0.028,5.803688209480428,0.00047294589178356714,2.2462936702024064e-05,0.09612809177849654
LYV,Live Nation Entertainment,Communication Services,Movies & Entertainment,0.0,0.0,0.0,4.297616962637649e-15,0.0
MA,Mastercard,Financials,Transaction & Payment Processing Services,0.028,5.366492983969734,0.0,0.006434456557185421,0.12517074900403155
MAA,Mid-America Apartment Communities,Real Estate,Multi-Family Residential REITs,0.228,46.25823979881339,0.004296593186372745,0.08452490847908792,0.1720565140476254
MAR,Marriott International,Consumer Discretionary,"Hotels, Resorts & Cruise Lines",0.014,2.753768028412269,0.0003687374749498998,0.0011282798856452132,0.10803624651238136
MAS,Masco,Industrials,Building Products,0.048,10.3580235166667,0.013258517034068136,0.0005710115757900241,0.1310296398022125
MCD,McDonald's,Consumer Discretionary,Restaurants,0.292,57.36138502245014,0.006973947895791583,0.09997466294015686,0.1863650074394215
MCHP,Microchip Technology,Information Technology,Semiconductors,0.182,36.380136978205634,0.0031182364729458916,0.07033919711490506,0.16958304497185117
MCK,McKesson Corporation,Health Care,Health Care Distributors,0.124,22.846177379950305,2.404809619238477e-05,0.04789128225825883,0.15658143031683686
MCO,Moody's Corporation,Financials,Financial Exchanges & Data,0.02,4.490202507328561,0.0001843687374749499,0.0013299508359196548,0.1192703404652657
MDLZ,Mondelez International,Consumer Staples,Packaged Foods & Meats,0.274,56.19432697448984,0.0005531062124248497,0.0992280250526786,0.18622030257645472
MDT,Medtronic,Health Care,Health Care Equipment,0.106,18.679176125554797,0.00036072144288577156,0.041502713926449136,0.15183232029201996
MET,MetLife,Financials,Life & Health Insurance,0.054,11.077806515055046,0.0012104208416833667,0.005571098046479005,0.12442261402154789
META,Meta Platforms,Communication Services,Interactive Media & Services,0.018000000000000002,3.0385851399859494,9.619238476953908e-05,0.002425669406857371,0.12441397592419401
MGM,MGM Resorts,Consumer Discretionary,Casinos & Gaming,0.03,5.044866346097883,0.010356713426853707,0.010652513541167067,0.1340686439801616
MKC,McCormick & Company,Consumer Staples,Packaged Foods & Meats,0.21,39.68423029954943,0.0,0.07496351662087816,0.16890510542236115
MLM,Martin Marietta Materials,Materials,Construction Materials,0.008,1.8613280316072012,0.00046492985971943886,0.00010025405449657066,0.10470079350518531
MMM,3M,Industrials,Industrial Conglomerates,0.002,0.46419151061244107,0.0,9.078430663840158e-14,0.0009283830212248821
MNST,Monster Beverage,Consumer Staples,Soft Drinks & Non-alcoholic Beverages,0.088,15.349232356260071,0.0,0.03533039018731291,0.14960614257091076
MO,Altria,Consumer Staples,Tobacco,0.29,60.269822341817616,0.03927855711422846,0.10723998248475508,0.19322451367970947
MOS,Mosaic Company (The),Materials,Fertilizers & Agricultural Chemicals,0.006,1.2391301274227384,0.0,0.00010016554439780396,0.09710219191220196
MPC,Marathon Petroleum,Energy,Oil & Gas Refining & Marketing,0.036000000000000004,8.57798365508827,0.0,3.6349901478584225e-05,0.09942783728123154
MPWR,Monolithic Power Systems,Information Technology,Semiconductors,0.246,49.82911349239412,0.0023967935871743486,0.08801706743779991,0.17779219557270878
MRK,Merck & Co.,Health Care,Pharmaceuticals,0.06,10.616005522363919,0.004697394789579158,0.017316202506304623,0.14365903463535482
MRNA,Moderna,Health Care,Biotechnology,0.002,0.310697996534173,0.0,0.0004521480806465841,0.10354480789073248
MRSH,Marsh McLennan,Financials,Insurance Brokers,0.252,50.15687351394704,0.012392785571142284,0.08073266387909499,0.17675053434201338
MS,Morgan Stanley,Financials,Investment Banking & Brokerage,0.14400000000000002,28.025703412458544,0.007655310621242485,0.03511995457163011,0.15389634901187532
MSCI,MSCI Inc.,Financials,Financial Exchanges & Data,0.012,2.4765424899635655,0.0,0.000654262905596684,0.11388855320525168
MSFT,Microsoft,Information Technology,Systems Software,0.026000000000000002,4.51672597164435,0.0012585170340681363,0.001108971667763176,0.11482549799620845
MSI,Motorola Solutions,Information Technology,Communications Equipment,0.048,7.919290215999439,0.0,0.019804781053741446,0.13737306646058733
MTB,M&T Bank,Financials,Regional Banks,0.048,12.951343062418019,0.0,0.00468777428797513,0.12952637670783038
MTD,Mettler Toledo,Health Care,Life Sciences Tools & Services,0.016,3.9396840230899874,0.0043126252505010015,0.00014697550025112759,0.10461352823182596
MU,Micron Technology,Information Technology,Semiconductors,0.23600000000000002,44.95032325038728,9.619238476953908e-05,0.0771298418153982,0.16891590316410773
NCLH,Norwegian Cruise Line Holdings,Consumer Discretionary,"Hotels, Resorts & Cruise Lines",0.092,16.284765479302425,6.412825651302605e-05,0.0358611026412575,0.14759818645557515
NDAQ,"Nasdaq, Inc.",Financials,Financial Exchanges & Data,0.026000000000000002,5.246596069519814,0.0019639278557114226,0.0013418437675898167,0.12136126072167852
NDSN,Nordson Corporation,Industrials,Industrial Machinery & Supplies & Components,0.008,1.4740885921994882,0.0,0.00018837773075201268,0.11230142266176088
NEE,NextEra Energy,Utilities,Multi-Utilities,0.126,26.338994509017283,0.007134268537074148,0.05797702786492807,0.16505730604232016
NEM,Newmont,Materials,Gold,0.002,0.376356374073453,0.0,8.133452069677035e-05,0.09653578341726607
NFLX,Netflix,Communication Services,Movies & Entertainment,0.004,0.614192307748052,0.00011222444889779559,0.00014502148969047947,0.10385233205361304
NI,NiSource,Utilities,Multi-Utilities,0.17,38.52268014119382,0.00312625250501002,0.07988500688314133,0.17968941020573329
NKE,"Nike, Inc.",Consumer Discretionary,"Apparel, Accessories & Luxury Goods",0.0,0.0,0.0,4.297616962637649e-15,0.0
NOC,Northrop Grumman,Industrials,Aerospace & Defense,0.12,22.356797491455712,0.006853707414829659,0.0456092461524721,0.15533415212350662
NOW,ServiceNow,Information Technology,Systems Software,0.032,6.735390617731525,0.006645290581162325,0.00047908857372564465,0.11237038118476655
NRG,NRG Energy,Utilities,Independent Power Producers & Energy Traders,0.078,14.87487573626406,0.0,0.02201881729145482,0.1434663649210485
NSC,Norfolk Southern,Industrials,Rail Transportation,0.004,1.2420522015281872,0.0,2.1373799905023763e-07,0.07767472731343983
NTAP,NetApp,Information Technology,"Technology Hardware, Storage & Peripherals",0.038,6.291931040273507,0.0,0.014567806770517727,0.13419226784834204
NTRS,Northern Trust,Financials,Asset Management & Custody Banks,0.042,8.113969442673369,3.2064128256513025e-05,0.002905095002595265,0.11396590022581951
NUE,Nucor,Materials,Steel,0.004,1.110904296718165,4.008016032064128e-05,0.0005941368050969216,0.11158267956368167
NVDA,Nvidia,Information Technology,Semiconductors,0.216,40.85696073221484,0.012897795591182364,0.06550253697521852,0.16991874681234012
NVR,"NVR, Inc.",Consumer Discretionary,Homebuilding,0.034,7.678875080633753,0.0016272545090180361,0.0009088132028524598,0.11997767655292141
NWS,News Corp (Class B),Communication Services,Publishing,0.006,1.6087934219271474,0.0,9.78097798234352e-12,0.0026106005421984296
NWSA,News Corp (Class A),Communication Services,Publishing,0.006,1.598750798087953,0.0,9.740799303624676e-12,0.0025788819199412663
NXPI,NXP Semiconductors,Information Technology,Semiconductors,0.182,37.076764492926806,0.0017875751503006012,0.07232573811079426,0.16793053363049562
O,Realty Income,Real Estate,Retail REITs,0.35000000000000003,74.69303064259351,0.013034068136272545,0.1226413119829782,0.19875917922229894
ODFL,Old Dominion,Industrials,Cargo Ground Transportation,0.014,2.560373662809239,0.004080160320641283,0.0001476566407097988,0.1026124413020183
OKE,Oneok,Energy,Oil & Gas Storage & Transportation,0.044,10.058143510984674,0.003751503006012024,0.00035300914197139606,0.11815773041793705
OMC,Omnicom Group,Communication Services,Advertising,0.0,0.0,0.0,4.297616962637649e-15,0.0
ON,ON Semiconductor,Information Technology,Semiconductors,0.162,31.42394983007964,0.0001683366733466934,0.061371195727923836,0.1619898190473917
ORCL,Oracle Corporation,Information Technology,Application Software,0.028,4.851006565354831,0.0001683366733466934,0.0047134153460156375,0.12303956461555988
ORLY,O’Reilly Automotive,Consumer Discretionary,Automotive Retail,0.214,40.32375577825408,0.007166332665330661,0.07553904741146919,0.17126935202100432
OTIS,Otis Worldwide,Industrials,Industrial Machinery & Supplies & Components,0.038,6.104618581696174,0.0,0.014459704631240279,0.13279880569239025
OXY,Occidental Petroleum,Energy,Oil & Gas Exploration & Production,0.04,11.075961542209992,0.0,4.804239920068185e-05,0.10574927879809824
PANW,Palo Alto Networks,Information Technology,Systems Software,0.018000000000000002,3.627868731849974,1.6032064128256513e-05,0.0001492226196144135,0.11017400832645795
PAYX,Paychex,Industrials,Human Resource & Employment Services,0.1,18.012374730769448,0.0017875751503006012,0.019324084267321618,0.14578626772993417
PCAR,Paccar,Industrials,Construction Machinery & Heavy Transportation Equipment,0.002,0.3213324268227177,0.0,8.323841643011586e-05,0.09360785337214331
PCG,PG&E Corporation,Utilities,Multi-Utilities,0.062,12.50694019082545,0.0,0.030459083288917395,0.14429729171853564
PEG,Public Service Enterprise Group,Utilities,Electric Utilities,0.084,18.60942527219528,0.005322645290581162,0.04117603387283556,0.1615570665344198
PEP,PepsiCo,Consumer Staples,Soft Drinks & Non-alcoholic Beverages,0.308,63.020009150734836,0.009394789579158316,0.10384735629306112,0.19090475756801015
PFE,Pfizer,Health Care,Pharmaceuticals,0.04,7.433201747921301,0.014460921843687375,0.008743688789959497,0.14117083240418501
PFG,Principal Financial Group,Financials,Life & Health Insurance,0.032,6.106391500283566,0.0,0.002079919667623316,0.11137147399926267
PG,Procter & Gamble,Consumer Staples,Personal Care Products,0.35000000000000003,73.84816620712257,0.014533066132264528,0.11987817780372786,0.19839383907561575
PGR,Progressive Corporation,Financials,Property & Casualty Insurance,0.228,44.769881538022396,0.002404809619238477,0.07734328219594029,0.1731348119910911
PH,Parker Hannifin,Industrials,Industrial Machinery & Supplies & Components,0.17,30.002367137955034,0.006084168336673346,0.0539188923235638,0.16230334990686918
PHM,PulteGroup,Consumer Discretionary,Homebuilding,0.032,8.093813910791349,0.0013386773547094189,0.0003378030761443419,0.12103466447133142
PKG,Packaging Corporation of America,Materials,Paper & Plastic Packaging Products & Materials,0.006,1.195786546349574,0.0007615230460921844,1.749471996278927e-05,0.0927263076885515
PLD,Prologis,Real Estate,Industrial REITs,0.016,2.7861129140266163,0.0,0.0024496189940589187,0.1148767947499853
PLTR,Palantir Technologies,Information Technology,Application Software,0.042,6.995014673260145,0.0072304609218436875,0.008806837954945777,0.13366135457221104
PM,Philip Morris International,Consumer Staples,Tobacco,0.188,36.59185404528136,0.009162324649298597,0.07288234284261884,0.17496839270254355
PNC,PNC Financial Services,Financials,Diversified Banks,0.048,12.878693232457179,0.0,0.004669775615575762,0.12813769782538423
PNR,Pentair,Industrials,Industrial Machinery & Supplies & Components,0.004,0.6105874020315505,0.0,0.0001358008886579725,0.10109621903064399
PNW,Pinnacle West Capital,Utilities,Multi-Utilities,0.34600000000000003,77.50254030275542,0.0006813627254509017,0.13168978253893798,0.20232595170285417
PODD,Insulet Corporation,Health Care,Health Care Equipment,0.0,0.0,0.0,4.297616962637649e-15,0.0
POOL,Pool Corporation,Consumer Discretionary,Distributors,0.022,4.685746962173148,0.0,0.00025235238426807576,0.11177341695584923
PPG,PPG Industries,Materials,Specialty Chemicals,0.03,5.114923721496345,0.0015070140280561122,0.0003047914237947804,0.11626857349988791
PPL,PPL Corporation,Utilities,Electric Utilities,0.33,73.88592894670629,0.00105811623246493,0.12758363583820614,0.19826178382363002
PRU,Prudential Financial,Financials,Life & Health Insurance,0.052000000000000005,10.436500855279132,0.0002004008016032064,0.004348528289654744,0.11874675463322584
PSA,Public Storage,Real Estate,Self-Storage REITs,0.168,33.08012646258844,0.008080160320641282,0.05923066598569918,0.164569568363548
PSKY,Paramount Skydance Corporation,Communication Services,Movies & Entertainment,0.002,0.3007373610370878,0.0,3.521637277385359e-14,0.0006014747220741757
PSX,Phillips 66,Energy,Oil & Gas Refining & Marketing,0.038,9.676516693346429,0.0,4.043954744977411e-05,0.10230776964394998
PTC,PTC Inc.,Information Technology,Application Software,0.006,0.9813344033327316,0.0,7.225395002231448e-06,0.08048177531391117
PWR,Quanta Services,Industrials,Construction & Engineering,0.084,18.022226117849293,0.0009298597194388777,0.02077962270260901,0.14773852785692282
PYPL,PayPal,Financials,Transaction & Payment Processing Services,0.004,0.6195450131560867,3.2064128256513025e-05,0.00011589221284471164,0.09486614514899111
QCOM,Qualcomm,Information Technology,Semiconductors,0.122,23.408859420306015,0.0,0.04967032238378775,0.15687921199541918
RCL,Royal Caribbean Group,Consumer Discretionary,"Hotels, Resorts & Cruise Lines",0.062,11.211227026164128,3.2064128256513025e-05,0.023810835504968125,0.14149880833314335
REG,Regency Centers,Real Estate,Retail REITs,0.21,41.919980509992556,0.005226452905811623,0.07760394988910273,0.16926118408377547
REGN,Regeneron Pharmaceuticals,Health Care,Biotechnology,0.006,1.0192259426788242,0.0,0.00014347402773241341,0.09491665170890413
RF,Regions Financial Corporation,Financials,Regional Banks,0.052000000000000005,13.869974414914052,8.817635270541082e-05,0.005544918519774876,0.13145030153799228
RJF,Raymond James Financial,Financials,Investment Banking & Brokerage,0.054,10.297172560076383,0.0021002004008016033,0.005168341479697732,0.12530514481655144
RL,Ralph Lauren Corporation,Consumer Discretionary,"Apparel, Accessories & Luxury Goods",0.07200000000000001,12.032495307654228,0.007134268537074148,0.02589766453956591,0.1436638029138623
RMD,ResMed,Health Care,Health Care Equipment,0.0,0.0,0.0,4.297616962637649e-15,0.0
ROK,Rockwell Automation,Industrials,Electrical Components & Equipment,0.046,7.640156478331909,0.0,0.01695470861313943,0.13596747264834683
ROL,"Rollins, Inc.",Industrials,Environmental & Facilities Services,0.146,25.848737674034076,0.0020841683366733467,0.05100730573804186,0.16017902446874557
ROP,Roper Technologies,Information Technology,Electronic Equipment & Instruments,0.04,6.972305716886076,8.016032064128256e-06,0.004121226020967057,0.12308461323097959
ROST,Ross Stores,Consumer Discretionary,Apparel Retail,0.002,0.5354476258301389,0.0,0.00039067852050711873,0.1113155522648795
RSG,Republic Services,Industrials,Environmental & Facilities Services,0.28200000000000003,57.228927465288905,0.021867735470941882,0.09730647618896415,0.19115147324612078
RTX,RTX Corporation,Industrials,Aerospace & Defense,0.008,1.9814044878876782,0.0,0.0012773545954490623,0.12185928632476616
RVTY,Revvity,Health Care,Health Care Equipment,0.018000000000000002,4.439885347310259,0.002196392785571142,0.0001527087278797277,0.10482389506376392
SATS,EchoStar,Communication Services,Wireless Telecommunication Services,0.0,0.0,0.0,4.297616962637649e-15,0.0
SBAC,SBA Communications,Real Estate,Telecom Tower REITs,0.166,33.444864019506745,0.0,0.06881660228518542,0.1680213340669673
SBUX,Starbucks,Consumer Discretionary,Restaurants,0.0,0.0,0.0,4.297616962637649e-15,0.0
SCHW,Charles Schwab Corporation,Financials,Investment Banking & Brokerage,0.016,3.041622859786983,0.0001282565130260521,0.0005256101676591487,0.10805312564049356
SHW,Sherwin-Williams,Materials,Specialty Chemicals,0.026000000000000002,4.991233216879541,0.0004008016032064128,0.0006480532857883076,0.11504009139378389
SJM,J.M. Smucker Company (The),Consumer Staples,Packaged Foods & Meats,0.14400000000000002,27.464065029081105,0.0,0.059097920940362696,0.1616223252177307
SLB,Schlumberger,Energy,Oil & Gas Equipment & Services,0.03,7.262396787626122,0.0,3.2266692092000435e-05,0.09893116654091998
SMCI,Supermicro,Information Technology,"Technology Hardware, Storage & Peripherals",0.042,7.097132925165819,0.0,0.010484113822069086,0.1306320132373383
SNA,Snap-on,Industrials,Industrial Machinery & Supplies & Components,0.002,0.31726323431266623,0.0,1.3558408551608857e-05,0.08884440766039342
SNPS,Synopsys,Information Technology,Application Software,0.01,1.9771367187972115,0.0,0.004086737397900484,0.1298180865490444
SO,Southern Company,Utilities,Electric Utilities,0.382,87.21358208335214,0.012953907815631263,0.1413897702568215,0.21143882638611072
SOLV,Solventum,Health Care,Health Care Technology,0.0,0.0,0.0,4.297616962637649e-15,0.0
SPG,Simon Property Group,Real Estate,Retail REITs,0.018000000000000002,3.449230648667072,0.0,0.003071980436268826,0.11919787176203615
SPGI,S&P Global,Financials,Financial Exchanges & Data,0.026000000000000002,5.927194634493095,0.003503006012024048,0.0020387406253510737,0.12671263819083528
SRE,Sempra,Utilities,Multi-Utilities,0.05,10.173852864910177,0.0,0.02523102204459924,0.14287502953483766
STE,Steris,Health Care,Health Care Equipment,0.004,0.6270638691849788,0.0,0.0004508495524487897,0.1026229225716414
STLD,Steel Dynamics,Materials,Steel,0.01,2.028621933979767,0.00156312625250501,0.0038007286394409023,0.124136191511845
STT,State Street Corporation,Financials,Asset Management & Custody Banks,0.052000000000000005,10.621928198148394,0.0003366733466933868,0.0039005312633028275,0.1186088624594295
STX,Seagate Technology,Information Technology,"Technology Hardware, Storage & Peripherals",0.048,9.419747983555755,0.00012024048096192384,0.01139784118449717,0.13580899679225056
STZ,Constellation Brands,Consumer Staples,Distillers & Vintners,0.042,7.457399822088388,8.016032064128256e-06,0.014197421183073131,0.13576059347310074
SW,Smurfit Westrock,Materials,Paper & Plastic Packaging Products & Materials,0.006,1.2614489667013937,0.004569138276553106,0.0004670097615880292,0.1087139095178129
SWK,Stanley Black & Decker,Industrials,Industrial Machinery & Supplies & Components,0.1,17.529105427477376,0.055318637274549096,0.01948101980338678,0.1578557749200037
SWKS,Skyworks Solutions,Information Technology,Semiconductors,0.042,7.377500535178549,0.0035751503006012024,0.014742071375417371,0.1337642958188374
SYF,Synchrony Financial,Financials,Consumer Finance,0.202,41.51341705932586,0.02826452905811623,0.06399841405528515,0.1673411487257211
SYK,Stryker Corporation,Health Care,Health Care Equipment,0.014,2.4342824013300213,0.0017074148296593187,0.0011261801088044482,0.11810662519804703
SYY,Sysco,Consumer Staples,Food Distributors,0.08,13.750617294201957,0.0,0.0337249656351411,0.14315885232505884
T,AT&T,Communication Services,Integrated Telecommunication Services,0.244,49.51479827578529,0.004521042084168337,0.09426032322583748,0.18014186018496506
TAP,Molson Coors Beverage Company,Consumer Staples,Brewers,0.124,21.537362212345954,1.6032064128256513e-05,0.04437532034336118,0.14862670187781796
TDG,TransDigm Group,Industrials,Aerospace & Defense,0.004,0.6802723837839558,8.817635270541082e-05,2.056931288999119e-05,0.08418633908177378
TDY,Teledyne Technologies,Information Technology,Electronic Equipment & Instruments,0.0,0.0,0.0,4.297616962637649e-15,0.0
TECH,Bio-Techne,Health Care,Life Sciences Tools & Services,0.018000000000000002,4.481956695892177,0.00012024048096192384,7.739172743813439e-05,0.10107436149044054
TEL,TE Connectivity,Information Technology,Electronic Manufacturing Services,0.06,10.375010016817512,2.404809619238477e-05,0.016295734482083348,0.1382968431871803
TER,Teradyne,Information Technology,Semiconductor Materials & Equipment,0.234,43.432108441957894,0.006597194388777555,0.07091776882244924,0.1667654390725603
TFC,Truist Financial,Financials,Diversified Banks,0.05,13.12326484195424,0.0,0.0055158244368228625,0.1308345943855694
TGT,Target Corporation,Consumer Staples,Consumer Staples Merchandise Retail,0.002,0.3324510763767055,0.0,1.1122499732157823e-06,0.07643719063997903
TJX,TJX Companies,Consumer Discretionary,Apparel Retail,0.084,14.533619686247661,0.0035751503006012024,0.03238455088820044,0.14494622691377984
TKO,TKO Group Holdings,Communication Services,Movies & Entertainment,0.0,0.0,0.0,4.297616962637649e-15,0.0
TMO,Thermo Fisher Scientific,Health Care,Life Sciences Tools & Services,0.02,5.044333189245619,0.004072144288577154,8.746739313585252e-05,0.10377001612920449
TMUS,T-Mobile US,Communication Services,Wireless Telecommunication Services,0.166,31.88692000253585,3.2064128256513025e-05,0.06608712781233073,0.16668191987369027
TPL,Texas Pacific Land Corporation,Energy,Oil & Gas Exploration & Production,0.022,3.915496487908144,0.0,1.1982240083446262e-05,0.0888719441905454
TPR,"Tapestry, Inc.",Consumer Discretionary,"Apparel, Accessories & Luxury Goods",0.004,0.8214709570801038,0.0,0.0003021495372623612,0.10961650602593839
TRGP,Targa Resources,Energy,Oil & Gas Storage & Transportation,0.04,8.794768493835436,0.003222444889779559,0.0003295682814024728,0.11585904392008473
TRMB,Trimble Inc.,Information Technology,Electronic Equipment & Instruments,0.108,19.32860550176175,0.0,0.04353269227649658,0.1530729408989292
TROW,T. Rowe Price,Financials,Asset Management & Custody Banks,0.018000000000000002,3.010905235645331,5.6112224448897796e-05,0.0036124610960603385,0.12551042102481264
TRV,Travelers Companies (The),Financials,Property & Casualty Insurance,0.136,27.001304662272588,0.0,0.050919811560654255,0.1576526213599876
TSCO,Tractor Supply,Consumer Discretionary,Other Specialty Retail,0.004,0.6836710184864225,0.0,0.0009308595870845338,0.1104780177617302
TSLA,"Tesla, Inc.",Consumer Discretionary,Automobile Manufacturers,0.026000000000000002,4.194492962088169,0.0,0.009773936787282824,0.1329889162495323
TSN,Tyson Foods,Consumer Staples,Packaged Foods & Meats,0.192,35.49381067553708,0.0,0.06980493028672675,0.16636879483748535
TT,Trane Technologies,Industrials,Building Products,0.03,5.942635190915782,0.002412825651302605,0.004533851068150813,0.13134924804572792
TTD,Trade Desk (The),Communication Services,Advertising,0.0,0.0,0.0,4.297616962637649e-15,0.0
TTWO,Take-Two Interactive,Communication Services,Interactive Home Entertainment,0.0,0.0,0.0,4.297616962637649e-15,0.0
TXN,Texas Instruments,Information Technology,Semiconductors,0.024,5.390229439208483,0.0,0.008907166798206797,0.1369247210501866
TXT,Textron,Industrials,Aerospace & Defense,0.0,0.0,0.0,4.297616962637649e-15,0.0
TYL,Tyler Technologies,Information Technology,Application Software,0.038,6.304118542728101,0.003438877755511022,0.002652674919867877,0.11793641346263264
UAL,United Airlines Holdings,Industrials,Passenger Airlines,0.122,21.529128066290074,0.0008577154308617235,0.04127818752887639,0.1528069130414862
UBER,Uber,Industrials,Passenger Ground Transportation,0.0,0.0,0.0,4.297616962637649e-15,0.0
UDR,"UDR, Inc.",Real Estate,Multi-Family Residential REITs,0.136,27.541555462579897,0.00014428857715430862,0.05139670511506677,0.15537927944498242
UHS,Universal Health Services,Health Care,Health Care Facilities,0.004,1.0161904735153562,0.0,0.0009145765361779218,0.11949855793098509
ULTA,Ulta Beauty,Consumer Discretionary,Other Specialty Retail,0.0,0.0,0.0,4.297616962637649e-15,0.0
UNH,UnitedHealth Group,Health Care,Managed Health Care,0.01,2.2738271363040172,0.0,0.00017867889374172685,0.10171137149133204
UNP,Union Pacific Corporation,Industrials,Rail Transportation,0.006,1.4492916346344336,0.004913827655310621,1.3687918819042075e-05,0.08951880067688864
UPS,United Parcel Service,Industrials,Air Freight & Logistics,0.004,0.7556433603104562,0.0007535070140280561,2.2824501130647328e-05,0.08848159884457178
URI,United Rentals,Industrials,Trading Companies & Distributors,0.05,8.035585769768721,0.004833667334669339,0.019107430945199212,0.14173178689738158
USB,U.S. Bancorp,Financials,Diversified Banks,0.048,12.053808440782579,0.0,0.0043993913795198885,0.12716150345553137
V,Visa Inc.,Financials,Transaction & Payment Processing Services,0.036000000000000004,6.552233370584683,0.0,0.008068206546396955,0.12553895320333494
VICI,Vici Properties,Real Estate,Hotel & Resort REITs,0.254,51.75963070511056,0.0018517034068136272,0.09571235816998665,0.18050110608141692
VLO,Valero Energy,Energy,Oil & Gas Refining & Marketing,0.038,8.996868750679486,0.0,3.703696834429039e-05,0.10003918984746774
VLTO,Veralto,Industrials,Environmental & Facilities Services,0.004,0.6256802602146726,0.0,0.0007273450638495501,0.10757684422071886
VMC,Vulcan Materials Company,Materials,Construction Materials,0.004,1.2858805930243045,0.0,0.00010146054167472181,0.10491545660163798
VRSK,Verisk Analytics,Industrials,Research & Consulting Services,0.184,33.21549760512152,0.016993987975951905,0.0521933784758835,0.16434227605977936
VRSN,Verisign,Information Technology,Internet Services & Infrastructure,0.028,4.578295634725689,0.0,0.006492816430705554,0.13071024001251724
VRT,Vertiv,Industrials,Electrical Components & Equipment,0.254,51.19418948376964,0.01944689378757515,0.07868085116000027,0.17587599410227506
VRTX,Vertex Pharmaceuticals,Health Care,Biotechnology,0.004,0.6103109077224744,0.00011222444889779559,0.00019686838945289593,0.09725124839578786
VST,Vistra Corp.,Utilities,Electric Utilities,0.11800000000000001,23.240605743160888,0.005915831663326653,0.031990147559353234,0.15711795152841215
VTR,Ventas,Real Estate,Health Care REITs,0.2,40.71787559996075,0.00015230460921843687,0.07874967070255008,0.17599324673292593
VTRS,Viatris,Health Care,Pharmaceuticals,0.0,0.0,0.0,4.297616962637649e-15,0.0
VZ,Verizon,Communication Services,Integrated Telecommunication Services,0.26,51.82137348399753,0.0028537074148296594,0.0946519058245014,0.1826303805989477
WAB,Wabtec,Industrials,Construction Machinery & Heavy Transportation Equipment,0.012,2.0795875383078073,0.0,0.0023535361602878024,0.1232876473964818
WAT,Waters Corporation,Health Care,Life Sciences Tools & Services,0.014,3.376054637669856,0.0,6.172614305585975e-06,0.08867611290877164
WBD,Warner Bros. Discovery,Communication Services,Broadcasting,0.002,0.3007373610370878,0.0,3.521637277385359e-14,0.0006014747220741757
WDAY,"Workday, Inc.",Information Technology,Application Software,0.026000000000000002,4.867107258005124,0.00012024048096192384,0.00029311895038951143,0.10387382255516693
WDC,Western Digital,Information Technology,"Technology Hardware, Storage & Peripherals",0.162,29.661749620296586,0.001434869739478958,0.04642516798135183,0.15622523609948563
WEC,WEC Energy Group,Utilities,Electric Utilities,0.374,85.75076509576033,0.012360721442885771,0.1411209017564037,0.20830234087375338
WELL,Welltower,Real Estate,Health Care REITs,0.198,40.91040782812053,0.0020200400801603205,0.07703036611608217,0.17759383322841812
WFC,Wells Fargo,Financials,Diversified Banks,0.054,13.34658518161995,0.0,0.005570838715706864,0.13020833762490355
WM,Waste Management,Industrials,Environmental & Facilities Services,0.266,51.737725453748155,0.007783567134268537,0.09000664990964242,0.18577613799328888
WMB,Williams Companies,Energy,Oil & Gas Storage & Transportation,0.036000000000000004,7.447564229470638,0.0024208416833667334,0.006762944886509154,0.1371265552958511
WMT,Walmart,Consumer Staples,Consumer Staples Merchandise Retail,0.06,10.341914133400373,0.0,0.025205735853924077,0.13999347992609695
WRB,W. R. Berkley Corporation,Financials,Property & Casualty Insurance,0.20600000000000002,42.1972484183486,0.0008657314629258516,0.07788990196027777,0.17235228753387574
WSM,"Williams-Sonoma, Inc.",Consumer Discretionary,Homefurnishing Retail,0.03,4.868827166997819,0.0,0.009839715368854163,0.13383598868592686
WST,West Pharmaceutical Services,Health Care,Health Care Supplies,0.0,0.0,0.0,4.297616962637649e-15,0.0
WTW,Willis Towers Watson,Financials,Insurance Brokers,0.154,29.62604467632058,0.0008577154308617235,0.05475015008263493,0.1606177032744692
WY,Weyerhaeuser,Real Estate,Timber REITs,0.04,7.165583931390948,0.0031743486973947895,0.004229255325114923,0.13225914449069984
WYNN,Wynn Resorts,Consumer Discretionary,Casinos & Gaming,0.004,1.026081671307176,0.0035751503006012024,0.00010184769233780418,0.09923126583566416
XEL,Xcel Energy,Utilities,Multi-Utilities,0.28600000000000003,63.47203812373844,0.0009218436873747494,0.11623596546302603,0.1915665942689805
XOM,ExxonMobil,Energy,Integrated Oil & Gas,0.048,11.936114023690036,0.0364248496993988,0.0014432805781395513,0.12397187577410343
XYL,Xylem Inc.,Industrials,Industrial Machinery & Supplies & Components,0.002,0.32380324856303905,0.0,3.865693753149486e-05,0.08724495195571613
XYZ,"Block, Inc.",Financials,Transaction & Payment Processing Services,0.038,6.411674988363696,0.0032785571142284566,0.016295936991059363,0.13721822700764896
YUM,Yum! Brands,Consumer Discretionary,Restaurants,0.154,26.8375334506548,0.003591182364729459,0.05481547148925388,0.15842131258496128
ZBH,Zimmer Biomet,Health Care,Health Care Equipment,0.014,2.324219968591594,8.016032064128256e-06,0.0038200670834630207,0.13195495263634385
ZBRA,Zebra Technologies,Information Technology,Electronic Equipment & Instruments,0.14400000000000002,25.461579433517286,0.0,0.05338098318841225,0.15768255028463216
ZTS,Zoetis,Health Care,Pharmaceuticals,0.0,0.0,0.0,4.297616962637649e-15,0.0
